   ------------------------------------------------------------------
  | Welcome to ROOT 6.24/06                        https://root.cern |
  | (c) 1995-2021, The ROOT Team; conception: R. Brun, F. Rademakers |
  | Built for linuxx8664gcc on Sep 02 2021, 14:20:23                 |
  | From tags/v6-24-06@v6-24-06                                      |
  | With g++ (GCC) 4.8.5 20150623 (Red Hat 4.8.5-11)                 |
  | Try '.help', '.demo', '.license', '.credits', '.quit'/'.q'       |
   ------------------------------------------------------------------

cling::DynamicLibraryManager::loadLibrary(): /afs/rhic.bnl.gov/star/packages/release1/SL24b/.sl73_gcc485/obj/StRoot/StarClassLibrary/StarClassLibrary.so: wrong ELF class: ELFCLASS32
cling::DynamicLibraryManager::loadLibrary(): /afs/rhic.bnl.gov/star/packages/release1/SL24b/.sl73_gcc485/obj/StRoot/StarRoot/StarRoot.so: wrong ELF class: ELFCLASS32
 *** Start at Date : Wed Jan  7 00:34:54 2026

Processing main_Analysis_SE.C...
i_file=0
i_event0
i_event10000
i_event20000
i_event30000
i_event40000
i_event50000
i_event60000
i_event70000
i_event80000
i_file=1
i_event0
i_event10000
i_event20000
i_event30000
i_event40000
i_event50000
i_event60000
i_event70000
i_file=2
i_event0
i_event10000
i_event20000
i_event30000
i_event40000
i_event50000
i_event60000
i_event70000
i_file=3
i_file=4
i_event0
i_event10000
i_event20000
i_event30000
i_event40000
i_event50000
i_event60000
i_file=5
i_event0
i_event10000
i_event20000
i_event30000
i_event40000
i_event50000
i_file=6
i_event0
i_event10000
i_event20000
i_event30000
i_event40000
i_event50000
i_event60000
i_event70000
i_file=7
i_event0
i_event10000
i_event20000
i_event30000
i_event40000
i_event50000
i_event60000
i_event70000
i_event80000
i_file=8
i_event0
i_event10000
i_event20000
i_file=9
i_event0
i_file=10
i_event0
i_event10000
i_event20000
i_event30000
i_event40000
i_event50000
i_event60000
i_event70000
i_event80000
i_event90000
i_event100000
i_event110000
i_event120000
i_event130000
i_event140000
i_event150000
i_file=11
i_event0
i_event10000
i_event20000
i_event30000
i_event40000
i_event50000
i_event60000
i_event70000
i_event80000
i_event90000
i_event100000
i_event110000
i_event120000
i_event130000
i_event140000
i_event150000
i_event160000
i_event170000
i_file=12
i_event0
i_event10000
i_event20000
i_event30000
i_event40000
i_event50000
i_event60000
i_file=13
i_event0
i_event10000
i_event20000
i_event30000
i_event40000
i_event50000
i_event60000
i_event70000
i_event80000
i_event90000
i_event100000
i_event110000
i_event120000
i_file=14
i_event0
i_event10000
i_event20000
i_event30000
i_event40000
i_event50000
i_event60000
i_event70000
i_event80000
i_event90000
i_event100000
i_event110000
i_event120000
i_event130000
i_file=15
i_event0
i_event10000
i_event20000
i_event30000
i_event40000
i_event50000
i_event60000
i_event70000
i_event80000
i_event90000
i_event100000
i_event110000
i_event120000
i_file=16
i_event0
i_event10000
i_event20000
i_event30000
i_event40000
i_event50000
i_event60000
i_event70000
i_event80000
i_event90000
i_event100000
i_event110000
i_event120000
i_file=17
i_event0
i_file=18
i_event0
i_event10000
i_event20000
i_event30000
i_event40000
i_event50000
i_event60000
i_event70000
i_event80000
i_event90000
i_event100000
i_event110000
i_event120000
i_event130000
i_event140000
i_event150000
i_file=19
i_event0
i_event10000
i_event20000
i_event30000
i_event40000
i_event50000
i_event60000
i_event70000
i_event80000
i_event90000
i_event100000
i_event110000
i_event120000
i_event130000
i_event140000
i_event150000
i_file=20
i_event0
i_event10000
i_event20000
i_event30000
i_event40000
i_event50000
i_event60000
i_event70000
i_event80000
i_event90000
i_event100000
i_event110000
i_file=21
i_event0
i_event10000
i_event20000
i_event30000
i_event40000
i_event50000
i_event60000
i_event70000
i_event80000
i_event90000
i_event100000
i_event110000
i_file=22
i_event0
i_event10000
i_event20000
i_event30000
i_event40000
i_event50000
i_event60000
i_event70000
i_event80000
i_event90000
i_event100000
i_event110000
i_event120000
i_file=23
i_file=24
i_event0
i_event10000
i_event20000
i_event30000
i_event40000
i_event50000
i_event60000
i_event70000
i_event80000
i_event90000
i_event100000
i_event110000
i_event120000
i_file=25
i_event0
i_event10000
i_event20000
i_event30000
i_event40000
i_event50000
i_event60000
i_event70000
i_event80000
i_event90000
i_file=26
i_event0
i_event10000
i_event20000
i_event30000
i_event40000
i_event50000
i_event60000
i_event70000
i_event80000
i_event90000
i_event100000
i_file=27
i_event0
i_event10000
i_event20000
i_event30000
i_file=28
i_event0
i_event10000
i_event20000
i_event30000
i_event40000
i_event50000
i_event60000
i_event70000
i_event80000
i_event90000
i_event100000
i_file=29
i_event0
i_event10000
i_event20000
i_file=30
i_event0
i_event10000
i_event20000
i_event30000
i_event40000
i_event50000
i_event60000
i_event70000
i_event80000
i_event90000
i_event100000
i_event110000
i_event120000
i_event130000
i_event140000
i_event150000
i_event160000
i_event170000
i_file=31
i_event0
i_event10000
i_event20000
i_event30000
i_event40000
i_event50000
i_event60000
i_event70000
i_event80000
i_event90000
i_event100000
i_event110000
i_event120000
i_event130000
i_event140000
i_event150000
i_event160000
i_event170000
i_event180000
i_event190000
i_file=32
i_event0
i_event10000
i_event20000
i_event30000
i_event40000
i_event50000
i_event60000
i_event70000
i_event80000
i_event90000
i_event100000
i_event110000
i_event120000
i_event130000
i_event140000
i_event150000
i_event160000
i_event170000
i_event180000
i_file=33
i_event0
i_event10000
i_event20000
i_event30000
i_event40000
i_event50000
i_event60000
i_event70000
i_event80000
i_event90000
i_file=34
i_event0
i_event10000
i_event20000
i_event30000
i_event40000
i_event50000
i_event60000
i_event70000
i_event80000
i_event90000
i_event100000
i_event110000
i_event120000
i_event130000
i_event140000
i_event150000
i_event160000
i_event170000
i_event180000
i_event190000
i_event200000
i_file=35
i_event0
i_event10000
i_event20000
i_event30000
i_event40000
i_event50000
i_event60000
i_event70000
i_event80000
i_event90000
i_event100000
i_event110000
i_event120000
i_event130000
i_event140000
i_event150000
i_event160000
i_event170000
i_event180000
i_file=36
i_event0
i_event10000
i_event20000
i_event30000
i_event40000
i_event50000
i_event60000
i_event70000
i_event80000
i_event90000
i_event100000
i_event110000
i_event120000
i_event130000
i_event140000
i_event150000
i_event160000
i_event170000
i_event180000
i_file=37
i_event0
i_event10000
i_event20000
i_event30000
i_event40000
i_event50000
i_event60000
i_event70000
i_event80000
i_event90000
i_event100000
i_event110000
i_event120000
i_event130000
i_file=38
i_event0
i_event10000
i_event20000
i_event30000
i_event40000
i_event50000
i_event60000
i_event70000
i_event80000
i_event90000
i_event100000
i_event110000
i_event120000
i_event130000
i_event140000
i_event150000
i_event160000
i_event170000
i_event180000
i_event190000
i_file=39
i_event0
i_event10000
i_event20000
i_event30000
i_event40000
i_event50000
i_event60000
i_event70000
i_event80000
i_event90000
i_event100000
i_event110000
i_event120000
i_event130000
i_event140000
i_event150000
i_event160000
i_event170000
i_event180000
i_event190000
i_event200000
i_file=40
i_event0
i_event10000
i_event20000
i_event30000
i_event40000
i_event50000
i_event60000
i_event70000
i_event80000
i_event90000
i_event100000
i_event110000
i_event120000
i_event130000
i_event140000
i_event150000
i_event160000
i_event170000
i_event180000
i_event190000
i_event200000
i_file=41
i_event0
i_event10000
i_event20000
i_event30000
i_event40000
i_event50000
i_event60000
i_event70000
i_event80000
i_event90000
i_event100000
i_event110000
i_event120000
i_event130000
i_file=42
i_event0
i_file=43
i_event0
i_file=44
i_event0
i_file=45
i_event0
i_file=46
i_event0
i_file=47
i_event0
i_file=48
i_event0
i_event10000
i_event20000
i_event30000
i_event40000
i_event50000
i_event60000
i_event70000
i_event80000
i_event90000
i_event100000
i_event110000
i_event120000
i_event130000
i_event140000
i_event150000
i_event160000
i_event170000
i_event180000
i_file=49
i_event0
i_event10000
i_event20000
i_event30000
i_event40000
i_event50000
i_event60000
i_event70000
i_event80000
i_event90000
i_event100000
i_event110000
i_event120000
i_event130000
i_event140000
i_event150000
i_event160000
i_event170000
i_event180000
i_file=50
i_event0
i_event10000
i_event20000
i_event30000
i_event40000
i_event50000
i_event60000
i_event70000
i_event80000
i_event90000
i_event100000
i_event110000
i_event120000
i_event130000
i_event140000
i_event150000
i_event160000
i_event170000
i_file=51
i_event0
i_event10000
i_event20000
i_event30000
i_event40000
i_event50000
i_event60000
i_event70000
i_event80000
i_event90000
i_event100000
i_event110000
i_event120000
i_event130000
i_event140000
i_file=52
i_event0
i_event10000
i_event20000
i_event30000
i_event40000
i_event50000
i_event60000
i_event70000
i_event80000
i_event90000
i_event100000
i_event110000
i_event120000
i_event130000
i_event140000
i_event150000
i_event160000
i_file=53
i_event0
i_event10000
i_file=54
i_event0
i_event10000
i_event20000
i_event30000
i_event40000
i_event50000
i_event60000
i_event70000
i_event80000
i_event90000
i_event100000
i_event110000
i_event120000
i_event130000
i_event140000
i_event150000
i_event160000
i_event170000
i_event180000
i_event190000
i_event200000
i_event210000
i_file=55
i_event0
i_event10000
i_event20000
i_event30000
i_event40000
i_event50000
i_event60000
i_event70000
i_event80000
i_event90000
i_event100000
i_event110000
i_event120000
i_event130000
i_event140000
i_event150000
i_event160000
i_event170000
i_file=56
i_event0
i_event10000
i_event20000
i_event30000
i_event40000
i_event50000
i_event60000
i_event70000
i_event80000
i_event90000
i_event100000
i_event110000
i_event120000
i_event130000
i_event140000
i_event150000
i_event160000
i_event170000
i_event180000
i_event190000
i_event200000
i_file=57
i_event0
i_event10000
i_event20000
i_event30000
i_event40000
i_event50000
i_event60000
i_event70000
i_event80000
i_event90000
i_event100000
i_event110000
i_event120000
i_event130000
i_event140000
i_file=58
i_event0
i_event10000
i_event20000
i_file=59
i_file=60
i_event0
i_event10000
i_event20000
i_event30000
i_event40000
i_event50000
i_event60000
i_event70000
i_event80000
i_event90000
i_event100000
i_event110000
i_event120000
i_event130000
i_event140000
i_file=61
i_event0
i_event10000
i_event20000
i_event30000
i_event40000
i_event50000
i_event60000
i_event70000
i_event80000
i_event90000
i_event100000
i_event110000
i_event120000
i_file=62
i_event0
i_event10000
i_event20000
i_event30000
i_file=63
i_event0
i_event10000
i_event20000
i_event30000
i_event40000
i_event50000
i_event60000
i_event70000
i_event80000
i_event90000
i_event100000
i_event110000
i_event120000
i_event130000
i_event140000
i_event150000
i_event160000
i_event170000
i_file=64
i_event0
i_event10000
i_event20000
i_event30000
i_event40000
i_event50000
i_event60000
i_event70000
i_event80000
i_event90000
i_event100000
i_event110000
i_event120000
i_event130000
i_event140000
i_event150000
i_event160000
i_event170000
i_file=65
i_event0
i_event10000
i_event20000
i_event30000
i_event40000
i_event50000
i_event60000
i_event70000
i_event80000
i_event90000
i_event100000
i_event110000
i_event120000
i_event130000
i_event140000
i_event150000
i_event160000
i_event170000
i_event180000
i_file=66
i_event0
i_event10000
i_event20000
i_event30000
i_event40000
i_event50000
i_event60000
i_event70000
i_event80000
i_event90000
i_event100000
i_event110000
i_event120000
i_event130000
i_event140000
i_event150000
i_file=67
i_event0
i_event10000
i_event20000
i_file=68
i_event0
i_event10000
i_event20000
i_event30000
i_event40000
i_event50000
i_event60000
i_event70000
i_event80000
i_event90000
i_event100000
i_event110000
i_event120000
i_event130000
i_event140000
i_event150000
i_event160000
i_event170000
i_event180000
i_event190000
i_event200000
i_file=69
i_event0
i_event10000
i_event20000
i_event30000
i_event40000
i_event50000
i_event60000
i_event70000
i_event80000
i_event90000
i_event100000
i_event110000
i_event120000
i_event130000
i_event140000
i_event150000
i_event160000
i_event170000
i_event180000
i_event190000
i_file=70
i_event0
i_event10000
i_event20000
i_event30000
i_event40000
i_event50000
i_event60000
i_event70000
i_event80000
i_event90000
i_event100000
i_event110000
i_event120000
i_event130000
i_event140000
i_event150000
i_event160000
i_file=71
i_event0
i_event10000
i_event20000
i_event30000
i_event40000
i_event50000
i_event60000
i_event70000
i_event80000
i_event90000
i_event100000
i_event110000
i_event120000
i_event130000
i_event140000
i_event150000
i_event160000
i_event170000
i_file=72
i_event0
i_event10000
i_event20000
i_event30000
i_event40000
i_event50000
i_event60000
i_event70000
i_event80000
i_event90000
i_event100000
i_event110000
i_event120000
i_event130000
i_file=73
i_event0
i_event10000
i_event20000
i_event30000
i_event40000
i_event50000
i_event60000
i_event70000
i_event80000
i_event90000
i_event100000
i_event110000
i_event120000
i_event130000
i_file=74
i_event0
i_event10000
i_event20000
i_event30000
i_event40000
i_event50000
i_event60000
i_event70000
i_event80000
i_event90000
i_event100000
i_event110000
i_event120000
i_event130000
i_event140000
i_event150000
i_event160000
i_event170000
i_event180000
i_event190000
i_event200000
i_file=75
i_event0
i_event10000
i_event20000
i_event30000
i_event40000
i_event50000
i_event60000
i_event70000
i_event80000
i_event90000
i_event100000
i_event110000
i_event120000
i_event130000
i_event140000
i_event150000
i_event160000
i_event170000
i_event180000
i_file=76
i_event0
i_event10000
i_event20000
i_event30000
i_event40000
i_event50000
i_event60000
i_event70000
i_event80000
i_event90000
i_event100000
i_event110000
i_event120000
i_event130000
i_event140000
i_event150000
i_event160000
i_event170000
i_event180000
i_event190000
i_event200000
i_file=77
i_event0
i_event10000
i_event20000
i_event30000
i_event40000
i_event50000
i_event60000
i_event70000
i_event80000
i_event90000
i_event100000
i_event110000
i_event120000
i_file=78
i_event0
i_event10000
i_event20000
i_event30000
i_event40000
i_event50000
i_event60000
i_event70000
i_event80000
i_event90000
i_event100000
i_event110000
i_event120000
i_event130000
i_event140000
i_event150000
i_event160000
i_event170000
i_event180000
i_file=79
i_event0
i_event10000
i_event20000
i_event30000
i_event40000
i_event50000
i_event60000
i_event70000
i_event80000
i_event90000
i_event100000
i_event110000
i_event120000
i_event130000
i_event140000
i_event150000
i_event160000
i_event170000
i_event180000
i_event190000
i_event200000
i_file=80
i_event0
i_event10000
i_event20000
i_event30000
i_event40000
i_event50000
i_event60000
i_event70000
i_event80000
i_event90000
i_event100000
i_event110000
i_event120000
i_event130000
i_event140000
i_event150000
i_event160000
i_event170000
i_event180000
i_event190000
i_event200000
i_event210000
i_file=81
i_event0
i_event10000
i_event20000
i_event30000
i_event40000
i_event50000
i_event60000
i_event70000
i_event80000
i_event90000
i_event100000
i_event110000
i_event120000
i_event130000
i_event140000
i_event150000
i_event160000
i_event170000
i_file=82
i_event0
i_event10000
i_event20000
i_event30000
i_event40000
i_event50000
i_event60000
i_event70000
i_event80000
i_event90000
i_event100000
i_event110000
i_event120000
i_event130000
i_event140000
i_file=83
i_event0
i_event10000
i_event20000
i_event30000
i_event40000
i_event50000
i_event60000
i_event70000
i_file=84
i_event0
i_event10000
i_event20000
i_event30000
i_event40000
i_event50000
i_event60000
i_event70000
i_event80000
i_event90000
i_event100000
i_event110000
i_event120000
i_event130000
i_event140000
i_event150000
i_event160000
i_event170000
i_file=85
i_event0
i_event10000
i_event20000
i_event30000
i_event40000
i_event50000
i_event60000
i_event70000
i_event80000
i_event90000
i_event100000
i_event110000
i_event120000
i_event130000
i_event140000
i_event150000
i_event160000
i_event170000
i_event180000
i_event190000
i_file=86
i_event0
i_event10000
i_event20000
i_event30000
i_event40000
i_event50000
i_event60000
i_event70000
i_event80000
i_event90000
i_event100000
i_event110000
i_event120000
i_event130000
i_event140000
i_event150000
i_event160000
i_event170000
i_event180000
i_event190000
i_file=87
i_event0
i_event10000
i_event20000
i_event30000
i_event40000
i_event50000
i_event60000
i_event70000
i_event80000
i_event90000
i_event100000
i_event110000
i_event120000
i_event130000
i_event140000
i_event150000
i_event160000
i_file=88
i_event0
i_event10000
i_event20000
i_event30000
i_event40000
i_event50000
i_event60000
i_event70000
i_event80000
i_event90000
i_event100000
i_event110000
i_event120000
i_event130000
i_event140000
i_event150000
i_event160000
i_event170000
i_event180000
i_file=89
i_event0
i_event10000
i_event20000
i_event30000
i_event40000
i_event50000
i_event60000
i_event70000
i_event80000
i_event90000
i_event100000
i_event110000
i_event120000
i_event130000
i_event140000
i_event150000
i_event160000
i_event170000
i_event180000
i_event190000
i_event200000
i_file=90
i_event0
i_event10000
i_event20000
i_event30000
i_event40000
i_event50000
i_event60000
i_event70000
i_event80000
i_event90000
i_event100000
i_event110000
i_event120000
i_event130000
i_event140000
i_event150000
i_event160000
i_event170000
i_event180000
i_event190000
i_event200000
i_file=91
i_event0
i_event10000
i_event20000
i_event30000
i_event40000
i_event50000
i_event60000
i_event70000
i_event80000
i_event90000
i_event100000
i_event110000
i_event120000
i_event130000
i_event140000
i_file=92
i_event0
i_event10000
i_event20000
i_event30000
i_event40000
i_event50000
i_event60000
i_event70000
i_event80000
i_event90000
i_event100000
i_event110000
i_event120000
i_event130000
i_event140000
i_event150000
i_file=93
i_event0
i_event10000
i_event20000
i_event30000
i_event40000
i_event50000
i_event60000
i_event70000
i_event80000
i_event90000
i_event100000
i_event110000
i_event120000
i_event130000
i_event140000
i_file=94
i_event0
i_event10000
i_file=95
i_event0
i_event10000
i_event20000
i_event30000
i_event40000
i_event50000
i_event60000
i_event70000
i_event80000
i_event90000
i_file=96
i_event0
i_event10000
i_event20000
i_event30000
i_file=97
i_event0
i_event10000
i_event20000
i_event30000
i_event40000
i_event50000
i_event60000
i_event70000
i_event80000
i_event90000
i_event100000
i_event110000
i_event120000
i_event130000
i_event140000
i_event150000
i_event160000
i_event170000
i_event180000
i_event190000
i_file=98
i_event0
i_event10000
i_event20000
i_event30000
i_event40000
i_event50000
i_event60000
i_event70000
i_event80000
i_event90000
i_event100000
i_event110000
i_event120000
i_event130000
i_event140000
i_event150000
i_event160000
i_file=99
i_event0
i_event10000
i_event20000
i_event30000
i_event40000
i_event50000
i_event60000
i_event70000
i_event80000
i_event90000
i_event100000
i_event110000
i_event120000
i_event130000
i_event140000
i_event150000
i_event160000
i_event170000
i_event180000
i_file=100
i_event0
i_event10000
i_event20000
i_event30000
i_file=101
i_event0
i_file=102
i_event0
i_file=103
i_event0
i_file=104
i_event0
i_event10000
i_event20000
i_event30000
i_event40000
i_event50000
i_event60000
i_event70000
i_event80000
i_event90000
i_event100000
i_event110000
i_file=105
i_event0
i_event10000
i_event20000
i_event30000
i_event40000
i_event50000
i_event60000
i_event70000
i_event80000
i_event90000
i_event100000
i_file=106
i_event0
i_event10000
i_event20000
i_event30000
i_event40000
i_event50000
i_event60000
i_event70000
i_event80000
i_event90000
i_file=107
i_event0
i_event10000
i_event20000
i_event30000
i_event40000
i_event50000
i_event60000
i_event70000
i_file=108
i_event0
i_event10000
i_event20000
i_event30000
i_event40000
i_event50000
i_event60000
i_event70000
i_event80000
i_event90000
i_event100000
i_event110000
i_event120000
i_event130000
i_event140000
i_event150000
i_event160000
i_file=109
i_event0
i_event10000
i_event20000
i_event30000
i_event40000
i_event50000
i_event60000
i_event70000
i_event80000
i_event90000
i_event100000
i_event110000
i_event120000
i_event130000
i_event140000
i_event150000
i_event160000
i_file=110
i_event0
i_event10000
i_event20000
i_event30000
i_event40000
i_event50000
i_event60000
i_event70000
i_event80000
i_event90000
i_event100000
i_event110000
i_event120000
i_event130000
i_event140000
i_event150000
i_file=111
i_event0
i_event10000
i_event20000
i_event30000
i_event40000
i_event50000
i_event60000
i_event70000
i_event80000
i_event90000
i_event100000
i_event110000
i_event120000
i_event130000
i_event140000
i_event150000
i_event160000
i_event170000
i_file=112
i_event0
i_event10000
i_event20000
i_event30000
i_file=113
i_event0
i_event10000
i_event20000
i_event30000
i_event40000
i_event50000
i_event60000
i_event70000
i_event80000
i_event90000
i_event100000
i_event110000
i_event120000
i_event130000
i_event140000
i_event150000
i_event160000
i_event170000
i_event180000
i_file=114
i_event0
i_event10000
i_event20000
i_event30000
i_event40000
i_event50000
i_event60000
i_event70000
i_event80000
i_event90000
i_event100000
i_event110000
i_event120000
i_event130000
i_event140000
i_event150000
i_file=115
i_event0
i_event10000
i_event20000
i_event30000
i_event40000
i_event50000
i_event60000
i_event70000
i_event80000
i_event90000
i_event100000
i_event110000
i_event120000
i_event130000
i_event140000
i_event150000
i_file=116
i_event0
i_event10000
i_event20000
i_event30000
i_event40000
i_event50000
i_event60000
i_event70000
i_event80000
i_event90000
i_event100000
i_event110000
i_event120000
i_event130000
i_event140000
i_event150000
i_event160000
i_event170000
i_file=117
i_event0
i_event10000
i_event20000
i_event30000
i_event40000
i_event50000
i_event60000
i_event70000
i_event80000
i_event90000
i_event100000
i_event110000
i_event120000
i_event130000
i_event140000
i_event150000
i_event160000
i_event170000
i_event180000
i_event190000
i_file=118
i_event0
i_event10000
i_event20000
i_event30000
i_event40000
i_event50000
i_event60000
i_event70000
i_event80000
i_event90000
i_event100000
i_event110000
i_event120000
i_event130000
i_event140000
i_event150000
i_event160000
i_event170000
i_event180000
i_event190000
i_file=119
i_event0
i_event10000
i_event20000
i_event30000
i_event40000
i_event50000
i_event60000
i_event70000
i_event80000
i_event90000
i_event100000
i_event110000
i_event120000
i_event130000
i_event140000
i_event150000
i_event160000
i_file=120
i_event0
i_event10000
i_event20000
i_event30000
i_event40000
i_event50000
i_event60000
i_event70000
i_event80000
i_event90000
i_event100000
i_event110000
i_event120000
i_event130000
i_event140000
i_event150000
i_event160000
i_event170000
i_event180000
i_event190000
i_event200000
i_file=121
i_event0
i_event10000
i_event20000
i_event30000
i_event40000
i_event50000
i_event60000
i_event70000
i_event80000
i_event90000
i_event100000
i_event110000
i_event120000
i_event130000
i_event140000
i_event150000
i_event160000
i_event170000
i_file=122
i_event0
i_event10000
i_event20000
i_event30000
i_event40000
i_event50000
i_event60000
i_event70000
i_event80000
i_event90000
i_event100000
i_event110000
i_event120000
i_event130000
i_event140000
i_event150000
i_event160000
i_event170000
i_event180000
i_event190000
i_file=123
i_event0
i_event10000
i_event20000
i_event30000
i_event40000
i_event50000
i_event60000
i_event70000
i_event80000
i_event90000
i_event100000
i_event110000
i_event120000
i_event130000
i_event140000
i_event150000
i_event160000
i_file=124
i_event0
i_event10000
i_event20000
i_event30000
i_event40000
i_event50000
i_event60000
i_event70000
i_event80000
i_event90000
i_event100000
i_event110000
i_event120000
i_event130000
i_event140000
i_event150000
i_event160000
i_event170000
i_event180000
i_event190000
i_file=125
i_event0
i_event10000
i_event20000
i_event30000
i_event40000
i_event50000
i_event60000
i_event70000
i_event80000
i_event90000
i_event100000
i_event110000
i_event120000
i_event130000
i_event140000
i_event150000
i_event160000
i_event170000
i_event180000
i_file=126
i_event0
i_event10000
i_event20000
i_event30000
i_event40000
i_event50000
i_event60000
i_event70000
i_event80000
i_event90000
i_event100000
i_event110000
i_event120000
i_event130000
i_event140000
i_event150000
i_event160000
i_event170000
i_file=127
i_event0
i_event10000
i_event20000
i_event30000
i_event40000
i_event50000
i_event60000
i_event70000
i_event80000
i_event90000
i_event100000
i_event110000
i_event120000
i_event130000
i_event140000
i_file=128
i_event0
i_event10000
i_event20000
i_event30000
i_event40000
i_event50000
i_event60000
i_event70000
i_event80000
i_event90000
i_event100000
i_event110000
i_event120000
i_event130000
i_event140000
i_event150000
i_event160000
i_event170000
i_file=129
i_event0
i_event10000
i_event20000
i_event30000
i_event40000
i_event50000
i_event60000
i_event70000
i_event80000
i_event90000
i_event100000
i_event110000
i_event120000
i_event130000
i_event140000
i_event150000
i_event160000
i_event170000
i_event180000
i_event190000
i_event200000
i_event210000
i_file=130
i_event0
i_event10000
i_event20000
i_event30000
i_event40000
i_event50000
i_event60000
i_event70000
i_event80000
i_event90000
i_event100000
i_event110000
i_event120000
i_event130000
i_event140000
i_event150000
i_event160000
i_event170000
i_event180000
i_event190000
i_file=131
i_event0
i_event10000
i_event20000
i_event30000
i_event40000
i_event50000
i_event60000
i_event70000
i_event80000
i_event90000
i_event100000
i_event110000
i_event120000
i_event130000
i_event140000
i_event150000
i_event160000
i_event170000
i_file=132
i_event0
i_event10000
i_event20000
i_event30000
i_event40000
i_event50000
i_event60000
i_event70000
i_event80000
i_event90000
i_event100000
i_event110000
i_event120000
i_event130000
i_event140000
i_event150000
i_event160000
i_event170000
i_file=133
i_event0
i_event10000
i_event20000
i_event30000
i_event40000
i_event50000
i_event60000
i_event70000
i_event80000
i_event90000
i_event100000
i_event110000
i_event120000
i_file=134
i_event0
i_event10000
i_event20000
i_event30000
i_event40000
i_event50000
i_event60000
i_event70000
i_event80000
i_event90000
i_event100000
i_event110000
i_event120000
i_event130000
i_event140000
i_event150000
i_event160000
i_event170000
i_event180000
i_event190000
i_event200000
i_event210000
i_event220000
i_file=135
i_event0
i_event10000
i_event20000
i_event30000
i_event40000
i_event50000
i_event60000
i_event70000
i_event80000
i_event90000
i_event100000
i_event110000
i_event120000
i_event130000
i_event140000
i_event150000
i_event160000
i_event170000
i_event180000
i_event190000
i_file=136
i_event0
i_event10000
i_event20000
i_event30000
i_event40000
i_event50000
i_event60000
i_event70000
i_event80000
i_event90000
i_event100000
i_event110000
i_event120000
i_event130000
i_file=137
i_event0
i_event10000
i_event20000
i_event30000
i_event40000
i_event50000
i_event60000
i_event70000
i_event80000
i_event90000
i_event100000
i_event110000
i_event120000
i_event130000
i_event140000
i_event150000
i_event160000
i_event170000
i_event180000
i_file=138
i_event0
i_event10000
i_event20000
i_event30000
i_event40000
i_event50000
i_event60000
i_event70000
i_event80000
i_event90000
i_event100000
i_event110000
i_event120000
i_event130000
i_event140000
i_event150000
i_event160000
i_event170000
i_event180000
i_event190000
i_event200000
i_event210000
i_event220000
i_event230000
i_event240000
i_file=139
i_event0
i_event10000
i_event20000
i_event30000
i_event40000
i_event50000
i_event60000
i_event70000
i_event80000
i_event90000
i_event100000
i_file=140
i_event0
i_event10000
i_event20000
i_event30000
i_event40000
i_event50000
i_file=141
i_event0
i_event10000
i_event20000
i_event30000
i_event40000
i_event50000
i_file=142
i_event0
i_event10000
i_event20000
i_event30000
i_event40000
i_event50000
i_event60000
i_file=143
i_event0
i_file=144
i_event0
i_event10000
i_event20000
i_event30000
i_event40000
i_event50000
i_event60000
i_event70000
i_event80000
i_event90000
i_event100000
i_event110000
i_event120000
i_event130000
i_event140000
i_event150000
i_event160000
i_file=145
i_event0
i_event10000
i_event20000
i_event30000
i_event40000
i_event50000
i_event60000
i_event70000
i_event80000
i_event90000
i_event100000
i_event110000
i_event120000
i_event130000
i_event140000
i_event150000
i_event160000
i_event170000
i_file=146
i_event0
i_event10000
i_event20000
i_event30000
i_event40000
i_event50000
i_event60000
i_event70000
i_event80000
i_event90000
i_event100000
i_event110000
i_event120000
i_event130000
i_event140000
i_event150000
i_event160000
i_event170000
i_event180000
i_event190000
i_event200000
i_event210000
i_file=147
i_event0
i_event10000
i_event20000
i_event30000
i_event40000
i_event50000
i_event60000
i_event70000
i_event80000
i_event90000
i_event100000
i_event110000
i_event120000
i_event130000
i_event140000
i_event150000
i_event160000
i_event170000
i_event180000
i_event190000
i_event200000
i_event210000
i_file=148
i_event0
i_event10000
i_event20000
i_event30000
i_event40000
i_event50000
i_event60000
i_event70000
i_event80000
i_event90000
i_event100000
i_file=149
i_event0
i_event10000
i_event20000
i_event30000
i_event40000
i_event50000
i_event60000
i_event70000
i_event80000
i_event90000
i_event100000
i_event110000
i_event120000
i_event130000
i_event140000
i_file=150
i_event0
i_event10000
i_event20000
i_event30000
i_event40000
i_event50000
i_event60000
i_event70000
i_event80000
i_event90000
i_event100000
i_event110000
i_event120000
i_event130000
i_file=151
i_event0
i_event10000
i_event20000
i_event30000
i_event40000
i_event50000
i_event60000
i_event70000
i_event80000
i_event90000
i_event100000
i_event110000
i_event120000
i_event130000
i_file=152
i_event0
i_event10000
i_event20000
i_event30000
i_event40000
i_event50000
i_event60000
i_event70000
i_event80000
i_event90000
i_event100000
i_event110000
i_event120000
i_event130000
i_event140000
i_event150000
i_file=153
i_event0
i_event10000
i_event20000
i_event30000
i_event40000
i_event50000
i_event60000
i_event70000
i_event80000
i_event90000
i_event100000
i_event110000
i_event120000
i_event130000
i_event140000
i_event150000
i_event160000
i_event170000
i_event180000
i_event190000
i_event200000
i_event210000
i_event220000
i_event230000
i_event240000
i_event250000
i_event260000
i_file=154
i_event0
i_event10000
i_event20000
i_event30000
i_event40000
i_event50000
i_event60000
i_event70000
i_event80000
i_event90000
i_event100000
i_event110000
i_event120000
i_event130000
i_event140000
i_event150000
i_event160000
i_event170000
i_event180000
i_event190000
i_event200000
i_event210000
i_event220000
i_event230000
i_file=155
i_event0
i_event10000
i_event20000
i_event30000
i_event40000
i_event50000
i_event60000
i_event70000
i_event80000
i_event90000
i_event100000
i_event110000
i_event120000
i_event130000
i_event140000
i_file=156
i_event0
i_event10000
i_event20000
i_event30000
i_event40000
i_event50000
i_event60000
i_event70000
i_event80000
i_event90000
i_event100000
i_event110000
i_event120000
i_event130000
i_event140000
i_event150000
i_event160000
i_event170000
i_event180000
i_event190000
i_file=157
i_event0
i_event10000
i_event20000
i_event30000
i_event40000
i_event50000
i_event60000
i_event70000
i_event80000
i_event90000
i_event100000
i_event110000
i_event120000
i_event130000
i_event140000
i_event150000
i_event160000
i_event170000
i_event180000
i_event190000
i_event200000
i_event210000
i_event220000
i_event230000
i_event240000
i_event250000
i_event260000
i_file=158
i_event0
i_event10000
i_event20000
i_event30000
i_event40000
i_event50000
i_event60000
i_event70000
i_event80000
i_event90000
i_event100000
i_event110000
i_file=159
i_event0
i_event10000
i_event20000
i_event30000
i_event40000
i_event50000
i_event60000
i_event70000
i_event80000
i_event90000
i_event100000
i_event110000
i_event120000
i_event130000
i_event140000
i_event150000
i_file=160
i_event0
i_event10000
i_event20000
i_event30000
i_event40000
i_event50000
i_event60000
i_event70000
i_event80000
i_event90000
i_event100000
i_event110000
i_event120000
i_event130000
i_event140000
i_file=161
i_event0
i_event10000
i_event20000
i_event30000
i_event40000
i_event50000
i_event60000
i_event70000
i_event80000
i_event90000
i_event100000
i_event110000
i_event120000
i_event130000
i_event140000
i_event150000
i_event160000
i_event170000
i_file=162
i_event0
i_event10000
i_event20000
i_event30000
i_event40000
i_event50000
i_event60000
i_event70000
i_event80000
i_event90000
i_event100000
i_event110000
i_event120000
i_event130000
i_event140000
i_event150000
i_event160000
i_event170000
i_event180000
i_event190000
i_event200000
i_event210000
i_event220000
i_event230000
i_file=163
i_event0
i_event10000
i_event20000
i_event30000
i_event40000
i_event50000
i_event60000
i_event70000
i_event80000
i_event90000
i_event100000
i_event110000
i_event120000
i_event130000
i_event140000
i_event150000
i_event160000
i_event170000
i_event180000
i_file=164
i_event0
i_event10000
i_event20000
i_event30000
i_event40000
i_event50000
i_event60000
i_event70000
i_event80000
i_event90000
i_event100000
i_event110000
i_event120000
i_event130000
i_file=165
i_event0
i_event10000
i_event20000
i_event30000
i_event40000
i_event50000
i_event60000
i_event70000
i_event80000
i_event90000
i_event100000
i_event110000
i_event120000
i_event130000
i_event140000
i_event150000
i_event160000
i_event170000
i_event180000
i_file=166
i_event0
i_event10000
i_event20000
i_event30000
i_event40000
i_event50000
i_event60000
i_event70000
i_event80000
i_event90000
i_event100000
i_event110000
i_event120000
i_event130000
i_event140000
i_event150000
i_event160000
i_event170000
i_event180000
i_event190000
i_event200000
i_event210000
i_event220000
i_event230000
i_event240000
i_event250000
i_event260000
i_file=167
i_event0
i_event10000
i_event20000
i_event30000
i_event40000
i_event50000
i_event60000
i_event70000
i_event80000
i_event90000
i_event100000
i_event110000
i_event120000
i_event130000
i_event140000
i_event150000
i_event160000
i_event170000
i_event180000
i_event190000
i_event200000
i_event210000
i_event220000
i_event230000
i_event240000
i_event250000
i_event260000
i_file=168
i_event0
i_event10000
i_event20000
i_file=169
i_event0
i_event10000
i_event20000
i_event30000
i_event40000
i_event50000
i_event60000
i_event70000
i_event80000
i_event90000
i_event100000
i_event110000
i_event120000
i_event130000
i_file=170
i_event0
i_event10000
i_event20000
i_event30000
i_event40000
i_event50000
i_event60000
i_event70000
i_event80000
i_event90000
i_event100000
i_event110000
i_event120000
i_event130000
i_event140000
i_event150000
i_event160000
i_event170000
i_file=171
i_event0
i_event10000
i_event20000
i_event30000
i_event40000
i_event50000
i_event60000
i_event70000
i_event80000
i_event90000
i_event100000
i_event110000
i_event120000
i_event130000
i_event140000
i_event150000
i_event160000
i_event170000
i_event180000
i_event190000
i_event200000
i_event210000
i_event220000
i_event230000
i_event240000
i_event250000
i_event260000
i_event270000
i_file=172
i_event0
i_event10000
i_event20000
i_event30000
i_event40000
i_event50000
i_event60000
i_event70000
i_event80000
i_event90000
i_event100000
i_event110000
i_event120000
i_event130000
i_event140000
i_event150000
i_event160000
i_event170000
i_event180000
i_event190000
i_event200000
i_event210000
i_file=173
i_event0
i_event10000
i_event20000
i_event30000
i_event40000
i_event50000
i_event60000
i_event70000
i_event80000
i_event90000
i_event100000
i_event110000
i_event120000
i_event130000
i_file=174
i_event0
i_event10000
i_event20000
i_event30000
i_event40000
i_event50000
i_event60000
i_event70000
i_event80000
i_event90000
i_event100000
i_event110000
i_event120000
i_event130000
i_event140000
i_event150000
i_event160000
i_event170000
i_file=175
i_event0
i_event10000
i_event20000
i_event30000
i_event40000
i_event50000
i_event60000
i_event70000
i_event80000
i_event90000
i_event100000
i_event110000
i_event120000
i_event130000
i_event140000
i_event150000
i_event160000
i_event170000
i_event180000
i_event190000
i_event200000
i_event210000
i_event220000
i_event230000
i_event240000
i_event250000
i_event260000
i_event270000
i_file=176
i_event0
i_event10000
i_event20000
i_event30000
i_event40000
i_event50000
i_event60000
i_event70000
i_event80000
i_event90000
i_event100000
i_event110000
i_event120000
i_event130000
i_event140000
i_event150000
i_event160000
i_event170000
i_event180000
i_event190000
i_event200000
i_file=177
i_event0
i_event10000
i_event20000
i_event30000
i_event40000
i_event50000
i_event60000
i_event70000
i_event80000
i_event90000
i_event100000
i_event110000
i_event120000
i_file=178
i_event0
i_event10000
i_event20000
i_event30000
i_event40000
i_event50000
i_event60000
i_event70000
i_event80000
i_event90000
i_event100000
i_event110000
i_event120000
i_event130000
i_event140000
i_event150000
i_event160000
i_event170000
i_event180000
i_event190000
i_event200000
i_event210000
i_event220000
i_event230000
i_event240000
i_event250000
i_file=179
i_event0
i_event10000
i_event20000
i_event30000
i_event40000
i_event50000
i_event60000
i_event70000
i_event80000
i_event90000
i_event100000
i_file=180
i_event0
i_event10000
i_event20000
i_event30000
i_event40000
i_event50000
i_event60000
i_event70000
i_event80000
i_event90000
i_event100000
i_event110000
i_event120000
i_event130000
i_file=181
i_event0
i_event10000
i_event20000
i_event30000
i_event40000
i_event50000
i_event60000
i_event70000
i_event80000
i_event90000
i_event100000
i_event110000
i_event120000
i_event130000
i_event140000
i_event150000
i_file=182
i_event0
i_event10000
i_event20000
i_event30000
i_event40000
i_event50000
i_event60000
i_event70000
i_event80000
i_event90000
i_event100000
i_event110000
i_event120000
i_event130000
i_event140000
i_event150000
i_event160000
i_event170000
i_event180000
i_event190000
i_event200000
i_event210000
i_event220000
i_event230000
i_event240000
i_event250000
i_event260000
i_event270000
i_file=183
i_event0
i_event10000
i_event20000
i_event30000
i_event40000
i_event50000
i_event60000
i_event70000
i_event80000
i_event90000
i_event100000
i_event110000
i_event120000
i_event130000
i_event140000
i_event150000
i_event160000
i_event170000
i_event180000
i_event190000
i_event200000
i_event210000
i_event220000
i_file=184
i_event0
i_event10000
i_event20000
i_event30000
i_event40000
i_event50000
i_event60000
i_event70000
i_event80000
i_event90000
i_event100000
i_event110000
i_event120000
i_event130000
i_event140000
i_event150000
i_file=185
i_event0
i_event10000
i_event20000
i_event30000
i_event40000
i_event50000
i_event60000
i_event70000
i_event80000
i_event90000
i_event100000
i_event110000
i_event120000
i_event130000
i_event140000
i_event150000
i_file=186
i_event0
i_event10000
i_event20000
i_event30000
i_event40000
i_event50000
i_event60000
i_event70000
i_event80000
i_event90000
i_event100000
i_event110000
i_event120000
i_event130000
i_event140000
i_event150000
i_event160000
i_event170000
i_event180000
i_event190000
i_event200000
i_event210000
i_event220000
i_event230000
i_event240000
i_event250000
i_event260000
i_event270000
i_file=187
i_event0
i_event10000
i_event20000
i_event30000
i_event40000
i_event50000
i_event60000
i_event70000
i_event80000
i_event90000
i_event100000
i_event110000
i_event120000
i_event130000
i_event140000
i_event150000
i_event160000
i_event170000
i_event180000
i_event190000
i_event200000
i_event210000
i_event220000
i_event230000
i_event240000
i_event250000
i_file=188
i_event0
i_event10000
i_event20000
i_event30000
i_event40000
i_event50000
i_event60000
i_event70000
i_event80000
i_event90000
i_event100000
i_event110000
i_event120000
i_file=189
i_event0
i_event10000
i_event20000
i_event30000
i_event40000
i_event50000
i_event60000
i_event70000
i_event80000
i_event90000
i_event100000
i_event110000
i_event120000
i_event130000
i_event140000
i_event150000
i_event160000
i_event170000
i_event180000
i_event190000
i_event200000
i_file=190
i_event0
i_event10000
i_event20000
i_event30000
i_event40000
i_event50000
i_event60000
i_event70000
i_event80000
i_event90000
i_event100000
i_event110000
i_event120000
i_event130000
i_event140000
i_event150000
i_event160000
i_event170000
i_event180000
i_event190000
i_event200000
i_event210000
i_event220000
i_event230000
i_event240000
i_event250000
i_event260000
i_event270000
i_file=191
i_event0
i_event10000
i_event20000
i_event30000
i_event40000
i_event50000
i_event60000
i_event70000
i_file=192
i_event0
i_event10000
i_event20000
i_event30000
i_event40000
i_event50000
i_event60000
i_event70000
i_event80000
i_event90000
i_event100000
i_event110000
i_event120000
i_event130000
i_event140000
i_event150000
i_file=193
i_event0
i_event10000
i_event20000
i_event30000
i_event40000
i_event50000
i_event60000
i_event70000
i_event80000
i_event90000
i_event100000
i_event110000
i_event120000
i_event130000
i_event140000
i_event150000
i_file=194
i_event0
i_event10000
i_event20000
i_event30000
i_event40000
i_event50000
i_event60000
i_event70000
i_event80000
i_event90000
i_event100000
i_event110000
i_event120000
i_event130000
i_event140000
i_event150000
i_event160000
i_event170000
i_event180000
i_event190000
i_event200000
i_event210000
i_event220000
i_event230000
i_event240000
i_event250000
i_event260000
i_event270000
i_file=195
i_event0
i_event10000
i_event20000
i_event30000
i_event40000
i_event50000
i_event60000
i_event70000
i_event80000
i_event90000
i_event100000
i_event110000
i_event120000
i_event130000
i_event140000
i_event150000
i_event160000
i_event170000
i_event180000
i_event190000
i_event200000
i_event210000
i_event220000
i_event230000
i_file=196
i_event0
i_event10000
i_event20000
i_event30000
i_event40000
i_event50000
i_event60000
i_event70000
i_event80000
i_event90000
i_event100000
i_event110000
i_event120000
i_file=197
i_event0
i_event10000
i_event20000
i_event30000
i_event40000
i_event50000
i_event60000
i_event70000
i_event80000
i_event90000
i_event100000
i_event110000
i_event120000
i_event130000
i_event140000
i_event150000
i_event160000
i_event170000
i_event180000
i_event190000
i_file=198
i_event0
i_event10000
i_event20000
i_event30000
i_event40000
i_event50000
i_event60000
i_file=199
i_event0
i_event10000
i_event20000
i_event30000
i_event40000
i_event50000
i_event60000
i_event70000
i_event80000
i_event90000
i_event100000
i_file=200
i_event0
i_event10000
i_event20000
i_event30000
i_event40000
i_event50000
i_event60000
i_event70000
i_event80000
i_event90000
i_event100000
i_event110000
i_event120000
i_event130000
i_event140000
i_event150000
i_event160000
i_event170000
i_file=201
i_event0
i_event10000
i_event20000
i_event30000
i_event40000
i_event50000
i_event60000
i_event70000
i_event80000
i_event90000
i_event100000
i_event110000
i_event120000
i_event130000
i_event140000
i_event150000
i_event160000
i_event170000
i_event180000
i_event190000
i_event200000
i_event210000
i_event220000
i_event230000
i_event240000
i_event250000
i_event260000
i_event270000
i_file=202
i_event0
i_event10000
i_event20000
i_event30000
i_event40000
i_event50000
i_event60000
i_event70000
i_event80000
i_event90000
i_event100000
i_event110000
i_event120000
i_event130000
i_event140000
i_event150000
i_event160000
i_event170000
i_event180000
i_event190000
i_event200000
i_event210000
i_event220000
i_event230000
i_event240000
i_file=203
i_event0
i_event10000
i_event20000
i_event30000
i_event40000
i_event50000
i_event60000
i_event70000
i_event80000
i_event90000
i_event100000
i_event110000
i_event120000
i_event130000
i_event140000
i_file=204
i_event0
i_event10000
i_event20000
i_event30000
i_event40000
i_event50000
i_event60000
i_event70000
i_event80000
i_event90000
i_event100000
i_event110000
i_event120000
i_event130000
i_event140000
i_event150000
i_event160000
i_event170000
i_file=205
i_event0
i_event10000
i_event20000
i_event30000
i_event40000
i_event50000
i_event60000
i_event70000
i_event80000
i_event90000
i_event100000
i_event110000
i_event120000
i_event130000
i_event140000
i_event150000
i_event160000
i_event170000
i_event180000
i_event190000
i_event200000
i_event210000
i_event220000
i_event230000
i_event240000
i_event250000
i_event260000
i_event270000
i_file=206
i_event0
i_event10000
i_event20000
i_event30000
i_event40000
i_event50000
i_event60000
i_event70000
i_event80000
i_event90000
i_event100000
i_event110000
i_event120000
i_event130000
i_event140000
i_event150000
i_event160000
i_event170000
i_event180000
i_event190000
i_event200000
i_event210000
i_event220000
i_event230000
i_file=207
i_event0
i_event10000
i_event20000
i_event30000
i_event40000
i_event50000
i_event60000
i_event70000
i_event80000
i_event90000
i_event100000
i_event110000
i_event120000
i_event130000
i_file=208
i_event0
i_event10000
i_event20000
i_event30000
i_event40000
i_event50000
i_event60000
i_event70000
i_event80000
i_event90000
i_event100000
i_event110000
i_event120000
i_event130000
i_event140000
i_event150000
i_event160000
i_event170000
i_event180000
i_file=209
i_event0
i_event10000
i_event20000
i_event30000
i_event40000
i_event50000
i_event60000
i_event70000
i_event80000
i_event90000
i_event100000
i_event110000
i_event120000
i_event130000
i_event140000
i_event150000
i_event160000
i_event170000
i_event180000
i_event190000
i_event200000
i_event210000
i_event220000
i_event230000
i_event240000
i_event250000
i_event260000
i_file=210
i_event0
i_event10000
i_event20000
i_event30000
i_event40000
i_event50000
i_event60000
i_event70000
i_event80000
i_event90000
i_event100000
i_event110000
i_event120000
i_event130000
i_event140000
i_event150000
i_event160000
i_event170000
i_event180000
i_event190000
i_event200000
i_event210000
i_event220000
i_file=211
i_event0
i_event10000
i_event20000
i_event30000
i_event40000
i_event50000
i_event60000
i_event70000
i_event80000
i_event90000
i_event100000
i_event110000
i_file=212
i_event0
i_event10000
i_event20000
i_event30000
i_event40000
i_event50000
i_event60000
i_event70000
i_event80000
i_event90000
i_event100000
i_event110000
i_event120000
i_event130000
i_event140000
i_event150000
i_event160000
i_event170000
i_file=213
i_event0
i_event10000
i_event20000
i_event30000
i_event40000
i_event50000
i_event60000
i_event70000
i_event80000
i_event90000
i_event100000
i_event110000
i_event120000
i_event130000
i_event140000
i_event150000
i_event160000
i_event170000
i_event180000
i_event190000
i_event200000
i_event210000
i_event220000
i_event230000
i_event240000
i_event250000
i_event260000
i_event270000
i_file=214
i_event0
i_event10000
i_event20000
i_event30000
i_event40000
i_event50000
i_event60000
i_event70000
i_event80000
i_event90000
i_event100000
i_event110000
i_event120000
i_event130000
i_event140000
i_event150000
i_event160000
i_event170000
i_event180000
i_event190000
i_event200000
i_event210000
i_event220000
i_event230000
i_event240000
i_event250000
i_file=215
i_event0
i_event10000
i_event20000
i_event30000
i_event40000
i_event50000
i_event60000
i_event70000
i_event80000
i_event90000
i_event100000
i_event110000
i_event120000
i_file=216
i_event0
i_event10000
i_event20000
i_event30000
i_event40000
i_event50000
i_event60000
i_event70000
i_event80000
i_event90000
i_event100000
i_event110000
i_event120000
i_event130000
i_event140000
i_event150000
i_event160000
i_file=217
i_event0
i_event10000
i_event20000
i_event30000
i_event40000
i_event50000
i_event60000
i_event70000
i_event80000
i_event90000
i_event100000
i_event110000
i_event120000
i_event130000
i_event140000
i_event150000
i_event160000
i_event170000
i_event180000
i_event190000
i_event200000
i_event210000
i_event220000
i_event230000
i_event240000
i_event250000
i_event260000
i_event270000
i_file=218
i_event0
i_event10000
i_event20000
i_event30000
i_event40000
i_event50000
i_event60000
i_event70000
i_event80000
i_event90000
i_event100000
i_event110000
i_event120000
i_event130000
i_event140000
i_event150000
i_event160000
i_event170000
i_event180000
i_event190000
i_event200000
i_event210000
i_file=219
i_event0
i_event10000
i_event20000
i_event30000
i_event40000
i_event50000
i_event60000
i_event70000
i_event80000
i_event90000
i_event100000
i_event110000
i_event120000
i_event130000
i_event140000
i_event150000
i_event160000
i_file=220
i_event0
i_event10000
i_event20000
i_event30000
i_event40000
i_event50000
i_event60000
i_event70000
i_event80000
i_event90000
i_event100000
i_event110000
i_event120000
i_event130000
i_event140000
i_event150000
i_event160000
i_event170000
i_file=221
i_event0
i_event10000
i_event20000
i_event30000
i_event40000
i_event50000
i_event60000
i_event70000
i_event80000
i_event90000
i_event100000
i_event110000
i_event120000
i_event130000
i_event140000
i_event150000
i_event160000
i_event170000
i_event180000
i_event190000
i_event200000
i_event210000
i_event220000
i_event230000
i_event240000
i_event250000
i_event260000
i_file=222
i_event0
i_event10000
i_event20000
i_event30000
i_event40000
i_event50000
i_event60000
i_event70000
i_event80000
i_event90000
i_event100000
i_event110000
i_event120000
i_event130000
i_event140000
i_event150000
i_event160000
i_event170000
i_event180000
i_event190000
i_event200000
i_event210000
i_event220000
i_event230000
i_event240000
i_file=223
i_event0
i_event10000
i_event20000
i_event30000
i_event40000
i_event50000
i_event60000
i_event70000
i_event80000
i_event90000
i_event100000
i_event110000
i_event120000
i_event130000
i_event140000
i_event150000
i_event160000
i_file=224
i_event0
i_event10000
i_event20000
i_event30000
i_event40000
i_event50000
i_event60000
i_event70000
i_event80000
i_event90000
i_event100000
i_event110000
i_event120000
i_event130000
i_event140000
i_event150000
i_event160000
i_file=225
i_event0
i_event10000
i_event20000
i_event30000
i_event40000
i_event50000
i_event60000
i_event70000
i_event80000
i_event90000
i_event100000
i_event110000
i_event120000
i_event130000
i_event140000
i_event150000
i_event160000
i_event170000
i_event180000
i_event190000
i_event200000
i_event210000
i_event220000
i_event230000
i_event240000
i_event250000
i_event260000
i_event270000
i_file=226
i_event0
i_event10000
i_event20000
i_event30000
i_event40000
i_event50000
i_event60000
i_event70000
i_event80000
i_event90000
i_event100000
i_event110000
i_event120000
i_event130000
i_event140000
i_event150000
i_event160000
i_event170000
i_event180000
i_event190000
i_event200000
i_event210000
i_event220000
i_event230000
i_event240000
i_event250000
i_event260000
i_file=227
i_event0
i_event10000
i_file=228
i_event0
i_event10000
i_event20000
i_event30000
i_event40000
i_event50000
i_event60000
i_event70000
i_event80000
i_event90000
i_event100000
i_event110000
i_event120000
i_file=229
i_event0
i_event10000
i_event20000
i_event30000
i_event40000
i_event50000
i_event60000
i_event70000
i_event80000
i_event90000
i_event100000
i_event110000
i_event120000
i_event130000
i_event140000
i_event150000
i_event160000
i_event170000
i_event180000
i_event190000
i_event200000
i_event210000
i_file=230
i_event0
i_event10000
i_event20000
i_event30000
i_event40000
i_event50000
i_event60000
i_event70000
i_event80000
i_event90000
i_event100000
i_event110000
i_event120000
i_event130000
i_event140000
i_event150000
i_file=231
i_event0
i_event10000
i_event20000
i_event30000
i_event40000
i_file=232
i_event0
i_event10000
i_event20000
i_event30000
i_event40000
i_event50000
i_event60000
i_event70000
i_file=233
i_event0
i_event10000
i_event20000
i_event30000
i_event40000
i_event50000
i_event60000
i_event70000
i_event80000
i_event90000
i_event100000
i_event110000
i_event120000
i_event130000
i_event140000
i_event150000
i_file=234
i_event0
i_event10000
i_event20000
i_event30000
i_event40000
i_event50000
i_event60000
i_event70000
i_event80000
i_event90000
i_event100000
i_event110000
i_event120000
i_event130000
i_event140000
i_event150000
i_file=235
i_event0
i_event10000
i_event20000
i_event30000
i_event40000
i_event50000
i_event60000
i_event70000
i_event80000
i_event90000
i_event100000
i_event110000
i_event120000
i_event130000
i_event140000
i_event150000
i_event160000
i_event170000
i_event180000
i_event190000
i_event200000
i_event210000
i_event220000
i_file=236
i_event0
i_event10000
i_event20000
i_event30000
i_event40000
i_event50000
i_event60000
i_event70000
i_event80000
i_event90000
i_event100000
i_event110000
i_event120000
i_event130000
i_event140000
i_event150000
i_event160000
i_event170000
i_event180000
i_event190000
i_event200000
i_event210000
i_event220000
i_file=237
i_event0
i_event10000
i_event20000
i_event30000
i_file=238
i_event0
i_event10000
i_event20000
i_event30000
i_event40000
i_event50000
i_event60000
i_event70000
i_event80000
i_event90000
i_event100000
i_event110000
i_event120000
i_event130000
i_event140000
i_file=239
i_event0
i_event10000
i_event20000
i_event30000
i_event40000
i_event50000
i_event60000
i_event70000
i_event80000
i_event90000
i_event100000
i_event110000
i_event120000
i_event130000
i_event140000
i_event150000
i_file=240
i_event0
i_event10000
i_event20000
i_event30000
i_event40000
i_event50000
i_event60000
i_event70000
i_event80000
i_event90000
i_event100000
i_event110000
i_event120000
i_event130000
i_event140000
i_event150000
i_event160000
i_event170000
i_event180000
i_event190000
i_event200000
i_event210000
i_event220000
i_event230000
i_event240000
i_event250000
i_file=241
i_event0
i_event10000
i_event20000
i_event30000
i_event40000
i_event50000
i_event60000
i_event70000
i_event80000
i_event90000
i_event100000
i_event110000
i_event120000
i_event130000
i_event140000
i_event150000
i_event160000
i_event170000
i_event180000
i_event190000
i_event200000
i_event210000
i_event220000
i_event230000
i_event240000
i_file=242
i_event0
i_event10000
i_event20000
i_event30000
i_event40000
i_event50000
i_event60000
i_event70000
i_event80000
i_event90000
i_event100000
i_event110000
i_event120000
i_event130000
i_event140000
i_file=243
i_event0
i_event10000
i_event20000
i_event30000
i_event40000
i_event50000
i_event60000
i_event70000
i_event80000
i_event90000
i_event100000
i_event110000
i_event120000
i_event130000
i_event140000
i_event150000
i_event160000
i_file=244
i_event0
i_event10000
i_event20000
i_event30000
i_event40000
i_event50000
i_event60000
i_event70000
i_event80000
i_event90000
i_event100000
i_event110000
i_event120000
i_event130000
i_event140000
i_event150000
i_event160000
i_event170000
i_event180000
i_event190000
i_event200000
i_event210000
i_event220000
i_event230000
i_event240000
i_file=245
i_event0
i_event10000
i_event20000
i_event30000
i_event40000
i_event50000
i_event60000
i_event70000
i_event80000
i_event90000
i_event100000
i_event110000
i_event120000
i_event130000
i_event140000
i_event150000
i_event160000
i_event170000
i_event180000
i_event190000
i_event200000
i_event210000
i_event220000
i_event230000
i_file=246
i_event0
i_event10000
i_event20000
i_event30000
i_event40000
i_event50000
i_event60000
i_event70000
i_event80000
i_event90000
i_event100000
i_event110000
i_event120000
i_event130000
i_file=247
i_event0
i_event10000
i_event20000
i_event30000
i_event40000
i_event50000
i_event60000
i_event70000
i_event80000
i_event90000
i_event100000
i_event110000
i_event120000
i_event130000
i_event140000
i_event150000
i_event160000
i_event170000
i_event180000
i_event190000
i_event200000
i_file=248
i_event0
i_event10000
i_event20000
i_event30000
i_event40000
i_event50000
i_event60000
i_event70000
i_event80000
i_event90000
i_event100000
i_event110000
i_event120000
i_event130000
i_event140000
i_event150000
i_event160000
i_event170000
i_event180000
i_event190000
i_event200000
i_event210000
i_event220000
i_event230000
i_event240000
i_event250000
i_event260000
i_file=249
i_event0
i_event10000
i_event20000
i_event30000
i_event40000
i_event50000
i_event60000
i_event70000
i_event80000
i_event90000
i_event100000
i_event110000
i_event120000
i_event130000
i_event140000
i_event150000
i_event160000
i_event170000
i_event180000
i_event190000
i_event200000
i_event210000
i_file=250
i_event0
i_event10000
i_event20000
i_event30000
i_event40000
i_event50000
i_event60000
i_event70000
i_event80000
i_event90000
i_event100000
i_event110000
i_event120000
i_event130000
i_event140000
i_event150000
i_event160000
i_event170000
i_event180000
i_event190000
i_event200000
i_file=251
i_event0
i_event10000
i_event20000
i_event30000
i_event40000
i_event50000
i_event60000
i_event70000
i_event80000
i_event90000
i_event100000
i_event110000
i_event120000
i_event130000
i_event140000
i_event150000
i_file=252
i_event0
i_event10000
i_event20000
i_event30000
i_event40000
i_event50000
i_event60000
i_event70000
i_event80000
i_event90000
i_event100000
i_event110000
i_event120000
i_event130000
i_event140000
i_event150000
i_event160000
i_event170000
i_event180000
i_event190000
i_event200000
i_event210000
i_event220000
i_event230000
i_file=253
i_event0
i_event10000
i_event20000
i_event30000
i_event40000
i_event50000
i_event60000
i_event70000
i_event80000
i_event90000
i_event100000
i_event110000
i_event120000
i_event130000
i_event140000
i_event150000
i_event160000
i_event170000
i_event180000
i_event190000
i_event200000
i_event210000
i_event220000
i_event230000
i_event240000
i_event250000
i_file=254
i_event0
i_event10000
i_event20000
i_event30000
i_event40000
i_event50000
i_event60000
i_event70000
i_event80000
i_event90000
i_event100000
i_event110000
i_event120000
i_event130000
i_event140000
i_event150000
i_event160000
i_event170000
i_file=255
i_event0
i_event10000
i_event20000
i_event30000
i_event40000
i_event50000
i_event60000
i_event70000
i_event80000
i_event90000
i_event100000
i_event110000
i_event120000
i_event130000
i_event140000
i_event150000
i_event160000
i_file=256
i_event0
i_event10000
i_event20000
i_event30000
i_event40000
i_event50000
i_event60000
i_event70000
i_event80000
i_event90000
i_event100000
i_event110000
i_event120000
i_event130000
i_event140000
i_event150000
i_event160000
i_event170000
i_event180000
i_event190000
i_event200000
i_event210000
i_event220000
i_event230000
i_event240000
i_event250000
i_file=257
i_event0
i_event10000
i_event20000
i_event30000
i_event40000
i_event50000
i_event60000
i_event70000
i_event80000
i_event90000
i_event100000
i_event110000
i_event120000
i_event130000
i_event140000
i_event150000
i_event160000
i_event170000
i_event180000
i_event190000
i_event200000
i_event210000
i_event220000
i_event230000
i_event240000
i_event250000
i_event260000
i_event270000
i_file=258
i_file=259
i_event0
i_event10000
i_event20000
i_event30000
i_event40000
i_event50000
i_event60000
i_event70000
i_event80000
i_event90000
i_event100000
i_event110000
i_event120000
i_event130000
i_event140000
i_event150000
i_file=260
i_event0
i_event10000
i_event20000
i_event30000
i_event40000
i_event50000
i_event60000
i_event70000
i_event80000
i_event90000
i_event100000
i_event110000
i_event120000
i_event130000
i_event140000
i_event150000
i_event160000
i_event170000
i_event180000
i_file=261
i_event0
i_event10000
i_event20000
i_event30000
i_event40000
i_event50000
i_event60000
i_event70000
i_event80000
i_event90000
i_event100000
i_event110000
i_event120000
i_event130000
i_event140000
i_event150000
i_event160000
i_event170000
i_event180000
i_event190000
i_event200000
i_event210000
i_event220000
i_event230000
i_event240000
i_event250000
i_file=262
i_event0
i_event10000
i_event20000
i_event30000
i_event40000
i_event50000
i_event60000
i_event70000
i_event80000
i_event90000
i_event100000
i_event110000
i_event120000
i_event130000
i_event140000
i_event150000
i_event160000
i_event170000
i_event180000
i_event190000
i_event200000
i_event210000
i_event220000
i_event230000
i_event240000
i_event250000
i_event260000
i_event270000
i_file=263
i_event0
i_file=264
i_event0
i_event10000
i_event20000
i_event30000
i_event40000
i_event50000
i_event60000
i_event70000
i_event80000
i_event90000
i_event100000
i_event110000
i_event120000
i_event130000
i_event140000
i_event150000
i_event160000
i_file=265
i_event0
i_event10000
i_event20000
i_event30000
i_event40000
i_event50000
i_event60000
i_event70000
i_event80000
i_event90000
i_event100000
i_event110000
i_event120000
i_event130000
i_event140000
i_file=266
i_event0
i_event10000
i_event20000
i_event30000
i_event40000
i_event50000
i_event60000
i_event70000
i_event80000
i_event90000
i_event100000
i_event110000
i_event120000
i_event130000
i_event140000
i_event150000
i_event160000
i_event170000
i_event180000
i_event190000
i_event200000
i_event210000
i_event220000
i_event230000
i_event240000
i_event250000
i_event260000
i_file=267
i_event0
i_event10000
i_event20000
i_event30000
i_event40000
i_event50000
i_event60000
i_event70000
i_event80000
i_event90000
i_event100000
i_event110000
i_event120000
i_event130000
i_event140000
i_event150000
i_event160000
i_event170000
i_event180000
i_event190000
i_event200000
i_event210000
i_file=268
i_event0
i_event10000
i_event20000
i_event30000
i_event40000
i_event50000
i_event60000
i_event70000
i_event80000
i_event90000
i_event100000
i_event110000
i_event120000
i_event130000
i_event140000
i_event150000
i_file=269
i_event0
i_event10000
i_event20000
i_event30000
i_event40000
i_event50000
i_event60000
i_event70000
i_event80000
i_event90000
i_event100000
i_event110000
i_event120000
i_event130000
i_event140000
i_event150000
i_event160000
i_file=270
i_event0
i_event10000
i_event20000
i_event30000
i_event40000
i_event50000
i_event60000
i_event70000
i_event80000
i_event90000
i_event100000
i_event110000
i_event120000
i_event130000
i_event140000
i_event150000
i_event160000
i_event170000
i_event180000
i_event190000
i_event200000
i_event210000
i_event220000
i_event230000
i_event240000
i_event250000
i_file=271
i_event0
i_event10000
i_event20000
i_event30000
i_event40000
i_event50000
i_event60000
i_event70000
i_event80000
i_event90000
i_event100000
i_event110000
i_event120000
i_event130000
i_event140000
i_event150000
i_event160000
i_event170000
i_event180000
i_event190000
i_event200000
i_event210000
i_file=272
i_event0
i_event10000
i_event20000
i_event30000
i_event40000
i_event50000
i_event60000
i_event70000
i_event80000
i_event90000
i_event100000
i_event110000
i_event120000
i_event130000
i_event140000
i_event150000
i_event160000
i_file=273
i_event0
i_event10000
i_event20000
i_event30000
i_event40000
i_event50000
i_event60000
i_event70000
i_event80000
i_event90000
i_event100000
i_event110000
i_event120000
i_event130000
i_event140000
i_event150000
i_event160000
i_event170000
i_file=274
i_event0
i_event10000
i_event20000
i_event30000
i_event40000
i_event50000
i_event60000
i_event70000
i_event80000
i_event90000
i_event100000
i_event110000
i_event120000
i_event130000
i_event140000
i_event150000
i_event160000
i_event170000
i_event180000
i_event190000
i_event200000
i_event210000
i_event220000
i_event230000
i_event240000
i_file=275
i_event0
i_event10000
i_event20000
i_event30000
i_event40000
i_event50000
i_event60000
i_event70000
i_event80000
i_event90000
i_event100000
i_event110000
i_event120000
i_event130000
i_event140000
i_event150000
i_event160000
i_event170000
i_event180000
i_event190000
i_event200000
i_event210000
i_event220000
i_event230000
i_file=276
i_event0
i_event10000
i_event20000
i_event30000
i_event40000
i_event50000
i_event60000
i_event70000
i_event80000
i_event90000
i_file=277
i_event0
i_event10000
i_event20000
i_event30000
i_event40000
i_event50000
i_event60000
i_event70000
i_event80000
i_event90000
i_event100000
i_event110000
i_event120000
i_event130000
i_event140000
i_event150000
i_event160000
i_event170000
i_file=278
i_event0
i_event10000
i_event20000
i_event30000
i_file=279
i_event0
i_event10000
i_event20000
i_event30000
i_event40000
i_event50000
i_event60000
i_event70000
i_event80000
i_event90000
i_event100000
i_event110000
i_event120000
i_file=280
i_event0
i_event10000
i_event20000
i_event30000
i_event40000
i_event50000
i_event60000
i_event70000
i_event80000
i_event90000
i_event100000
i_file=281
i_event0
i_event10000
i_event20000
i_event30000
i_event40000
i_event50000
i_event60000
i_event70000
i_event80000
i_event90000
i_event100000
i_event110000
i_event120000
i_event130000
i_event140000
i_event150000
i_file=282
i_event0
i_event10000
i_event20000
i_event30000
i_event40000
i_event50000
i_event60000
i_event70000
i_event80000
i_event90000
i_event100000
i_event110000
i_event120000
i_event130000
i_event140000
i_event150000
i_file=283
i_event0
i_event10000
i_event20000
i_event30000
i_file=284
i_event0
i_event10000
i_event20000
i_event30000
i_event40000
i_event50000
i_event60000
i_event70000
i_event80000
i_event90000
i_event100000
i_event110000
i_event120000
i_event130000
i_event140000
i_event150000
i_file=285
i_event0
i_event10000
i_event20000
i_event30000
i_event40000
i_event50000
i_event60000
i_event70000
i_event80000
i_event90000
i_event100000
i_event110000
i_event120000
i_event130000
i_event140000
i_file=286
i_event0
i_event10000
i_event20000
i_event30000
i_event40000
i_event50000
i_event60000
i_event70000
i_event80000
i_event90000
i_event100000
i_event110000
i_event120000
i_event130000
i_event140000
i_event150000
i_event160000
i_event170000
i_event180000
i_file=287
i_event0
i_event10000
i_event20000
i_event30000
i_event40000
i_event50000
i_event60000
i_event70000
i_event80000
i_event90000
i_event100000
i_event110000
i_event120000
i_event130000
i_event140000
i_event150000
i_event160000
i_event170000
i_event180000
i_event190000
i_file=288
i_event0
i_event10000
i_event20000
i_file=289
i_event0
i_event10000
i_event20000
i_event30000
i_event40000
i_event50000
i_event60000
i_event70000
i_file=290
i_event0
i_event10000
i_event20000
i_file=291
i_event0
i_event10000
i_event20000
i_event30000
i_event40000
i_event50000
i_event60000
i_event70000
i_event80000
i_event90000
i_event100000
i_event110000
i_event120000
i_event130000
i_event140000
i_event150000
i_file=292
i_event0
i_event10000
i_event20000
i_event30000
i_event40000
i_event50000
i_event60000
i_event70000
i_event80000
i_event90000
i_event100000
i_event110000
i_event120000
i_event130000
i_event140000
i_event150000
i_event160000
i_event170000
i_file=293
i_event0
i_event10000
i_event20000
i_event30000
i_event40000
i_event50000
i_event60000
i_event70000
i_event80000
i_event90000
i_event100000
i_event110000
i_event120000
i_event130000
i_event140000
i_event150000
i_event160000
i_event170000
i_event180000
i_event190000
i_event200000
i_file=294
i_event0
i_event10000
i_event20000
i_event30000
i_event40000
i_event50000
i_event60000
i_event70000
i_event80000
i_event90000
i_event100000
i_event110000
i_event120000
i_event130000
i_event140000
i_event150000
i_event160000
i_event170000
i_event180000
i_event190000
i_event200000
i_event210000
i_file=295
i_event0
i_event10000
i_file=296
i_event0
i_event10000
i_event20000
i_event30000
i_event40000
i_event50000
i_event60000
i_event70000
i_event80000
i_event90000
i_event100000
i_event110000
i_event120000
i_event130000
i_file=297
i_event0
i_event10000
i_event20000
i_event30000
i_event40000
i_event50000
i_event60000
i_event70000
i_event80000
i_event90000
i_event100000
i_event110000
i_event120000
i_event130000
i_event140000
i_event150000
i_event160000
i_event170000
i_file=298
i_event0
i_event10000
i_event20000
i_event30000
i_event40000
i_event50000
i_event60000
i_event70000
i_event80000
i_event90000
i_event100000
i_event110000
i_event120000
i_event130000
i_event140000
i_event150000
i_event160000
i_event170000
i_event180000
i_event190000
i_event200000
i_file=299
i_event0
i_event10000
i_event20000
i_file=300
i_event0
i_event10000
i_event20000
i_event30000
i_event40000
i_event50000
i_event60000
i_event70000
i_event80000
i_event90000
i_event100000
i_event110000
i_file=301
i_event0
i_event10000
i_event20000
i_event30000
i_event40000
i_event50000
i_event60000
i_event70000
i_event80000
i_event90000
i_event100000
i_event110000
i_event120000
i_event130000
i_event140000
i_event150000
i_event160000
i_event170000
i_event180000
i_event190000
i_file=302
i_event0
i_event10000
i_event20000
i_event30000
i_event40000
i_event50000
i_event60000
i_event70000
i_file=303
i_event0
i_event10000
i_event20000
i_event30000
i_event40000
i_event50000
i_event60000
i_event70000
i_event80000
i_event90000
i_event100000
i_event110000
i_event120000
i_event130000
i_event140000
i_event150000
i_event160000
i_event170000
i_file=304
i_event0
i_event10000
i_event20000
i_event30000
i_event40000
i_event50000
i_event60000
i_event70000
i_event80000
i_event90000
i_event100000
i_event110000
i_event120000
i_event130000
i_event140000
i_file=305
i_event0
i_event10000
i_event20000
i_event30000
i_event40000
i_event50000
i_event60000
i_event70000
i_event80000
i_event90000
i_event100000
i_event110000
i_event120000
i_event130000
i_event140000
i_event150000
i_event160000
i_event170000
i_event180000
i_event190000
i_event200000
i_file=306
i_event0
i_event10000
i_event20000
i_event30000
i_event40000
i_event50000
i_event60000
i_event70000
i_event80000
i_event90000
i_event100000
i_event110000
i_event120000
i_event130000
i_event140000
i_event150000
i_event160000
i_event170000
i_event180000
i_event190000
i_event200000
i_file=307
i_event0
i_event10000
i_event20000
i_event30000
i_event40000
i_event50000
i_event60000
i_event70000
i_event80000
i_event90000
i_event100000
i_event110000
i_event120000
i_event130000
i_event140000
i_event150000
i_file=308
i_event0
i_event10000
i_event20000
i_event30000
i_event40000
i_event50000
i_event60000
i_event70000
i_event80000
i_event90000
i_event100000
i_event110000
i_event120000
i_event130000
i_event140000
i_event150000
i_event160000
i_file=309
i_event0
i_event10000
i_event20000
i_event30000
i_event40000
i_event50000
i_event60000
i_event70000
i_event80000
i_event90000
i_event100000
i_event110000
i_event120000
i_event130000
i_event140000
i_event150000
i_event160000
i_event170000
i_event180000
i_file=310
i_event0
i_event10000
i_event20000
i_event30000
i_event40000
i_event50000
i_event60000
i_event70000
i_event80000
i_event90000
i_event100000
i_event110000
i_event120000
i_event130000
i_event140000
i_event150000
i_event160000
i_event170000
i_event180000
i_event190000
i_event200000
i_event210000
i_event220000
i_file=311
i_event0
i_event10000
i_event20000
i_event30000
i_event40000
i_event50000
i_event60000
i_event70000
i_event80000
i_event90000
i_event100000
i_event110000
i_event120000
i_event130000
i_event140000
i_event150000
i_event160000
i_event170000
i_file=312
i_event0
i_event10000
i_event20000
i_event30000
i_event40000
i_event50000
i_event60000
i_event70000
i_event80000
i_event90000
i_event100000
i_event110000
i_event120000
i_event130000
i_event140000
i_event150000
i_event160000
i_file=313
i_event0
i_event10000
i_event20000
i_event30000
i_event40000
i_event50000
i_event60000
i_event70000
i_event80000
i_event90000
i_event100000
i_event110000
i_event120000
i_event130000
i_event140000
i_event150000
i_event160000
i_event170000
i_event180000
i_event190000
i_file=314
i_event0
i_event10000
i_event20000
i_event30000
i_event40000
i_event50000
i_event60000
i_event70000
i_event80000
i_event90000
i_event100000
i_event110000
i_event120000
i_event130000
i_event140000
i_event150000
i_event160000
i_event170000
i_event180000
i_file=315
i_event0
i_event10000
i_event20000
i_event30000
i_event40000
i_event50000
i_event60000
i_event70000
i_event80000
i_event90000
i_event100000
i_event110000
i_event120000
i_event130000
i_event140000
i_event150000
i_file=316
i_event0
i_event10000
i_event20000
i_event30000
i_event40000
i_event50000
i_event60000
i_event70000
i_event80000
i_event90000
i_event100000
i_event110000
i_event120000
i_event130000
i_event140000
i_event150000
i_event160000
i_event170000
i_event180000
i_file=317
i_event0
i_event10000
i_event20000
i_event30000
i_event40000
i_event50000
i_event60000
i_event70000
i_event80000
i_event90000
i_event100000
i_event110000
i_event120000
i_event130000
i_event140000
i_event150000
i_event160000
i_event170000
i_event180000
i_event190000
i_file=318
i_event0
i_event10000
i_event20000
i_event30000
i_event40000
i_event50000
i_event60000
i_event70000
i_event80000
i_event90000
i_event100000
i_event110000
i_event120000
i_event130000
i_event140000
i_event150000
i_event160000
i_event170000
i_file=319
i_event0
i_event10000
i_event20000
i_event30000
i_event40000
i_event50000
i_event60000
i_event70000
i_event80000
i_event90000
i_event100000
i_event110000
i_event120000
i_event130000
i_event140000
i_event150000
i_event160000
i_event170000
i_file=320
i_event0
i_event10000
i_event20000
i_event30000
i_event40000
i_event50000
i_event60000
i_event70000
i_event80000
i_event90000
i_event100000
i_event110000
i_event120000
i_event130000
i_event140000
i_event150000
i_file=321
i_event0
i_event10000
i_event20000
i_event30000
i_event40000
i_event50000
i_event60000
i_event70000
i_event80000
i_event90000
i_event100000
i_event110000
i_event120000
i_event130000
i_event140000
i_event150000
i_event160000
i_event170000
i_event180000
i_event190000
i_file=322
i_event0
i_event10000
i_event20000
i_event30000
i_event40000
i_event50000
i_event60000
i_event70000
i_event80000
i_event90000
i_event100000
i_event110000
i_event120000
i_event130000
i_event140000
i_event150000
i_event160000
i_event170000
i_event180000
i_event190000
i_file=323
i_event0
i_event10000
i_event20000
i_event30000
i_event40000
i_event50000
i_event60000
i_event70000
i_event80000
i_event90000
i_event100000
i_event110000
i_event120000
i_event130000
i_event140000
i_event150000
i_event160000
i_file=324
i_event0
i_event10000
i_event20000
i_event30000
i_event40000
i_event50000
i_event60000
i_event70000
i_event80000
i_event90000
i_event100000
i_event110000
i_event120000
i_event130000
i_event140000
i_event150000
i_event160000
i_event170000
i_file=325
i_event0
i_event10000
i_event20000
i_event30000
i_event40000
i_event50000
i_event60000
i_event70000
i_event80000
i_event90000
i_event100000
i_event110000
i_event120000
i_event130000
i_event140000
i_event150000
i_event160000
i_event170000
i_file=326
i_event0
i_event10000
i_event20000
i_event30000
i_event40000
i_event50000
i_event60000
i_event70000
i_event80000
i_event90000
i_event100000
i_event110000
i_event120000
i_event130000
i_event140000
i_event150000
i_event160000
i_event170000
i_event180000
i_event190000
i_event200000
i_file=327
i_event0
i_event10000
i_event20000
i_event30000
i_event40000
i_event50000
i_event60000
i_event70000
i_event80000
i_event90000
i_event100000
i_event110000
i_event120000
i_event130000
i_file=328
i_event0
i_event10000
i_event20000
i_event30000
i_event40000
i_event50000
i_event60000
i_event70000
i_event80000
i_event90000
i_event100000
i_event110000
i_event120000
i_event130000
i_event140000
i_event150000
i_event160000
i_event170000
i_event180000
i_event190000
i_file=329
i_event0
i_event10000
i_event20000
i_event30000
i_event40000
i_event50000
i_event60000
i_event70000
i_event80000
i_event90000
i_event100000
i_event110000
i_event120000
i_event130000
i_event140000
i_event150000
i_event160000
i_event170000
i_event180000
i_event190000
i_event200000
i_event210000
i_event220000
i_event230000
i_file=330
i_event0
i_event10000
i_event20000
i_event30000
i_event40000
i_event50000
i_event60000
i_event70000
i_event80000
i_event90000
i_event100000
i_event110000
i_event120000
i_event130000
i_event140000
i_event150000
i_event160000
i_event170000
i_event180000
i_event190000
i_file=331
i_event0
i_event10000
i_event20000
i_event30000
i_event40000
i_event50000
i_event60000
i_event70000
i_event80000
i_event90000
i_event100000
i_event110000
i_event120000
i_event130000
i_event140000
i_file=332
i_event0
i_event10000
i_event20000
i_event30000
i_event40000
i_event50000
i_event60000
i_event70000
i_event80000
i_event90000
i_event100000
i_event110000
i_event120000
i_event130000
i_event140000
i_event150000
i_event160000
i_file=333
i_event0
i_event10000
i_event20000
i_event30000
i_event40000
i_event50000
i_event60000
i_event70000
i_event80000
i_event90000
i_event100000
i_event110000
i_event120000
i_event130000
i_event140000
i_event150000
i_event160000
i_event170000
i_event180000
i_event190000
i_event200000
i_event210000
i_file=334
i_event0
i_event10000
i_event20000
i_event30000
i_event40000
i_event50000
i_event60000
i_event70000
i_event80000
i_event90000
i_event100000
i_event110000
i_event120000
i_event130000
i_event140000
i_event150000
i_event160000
i_event170000
i_event180000
i_event190000
i_file=335
i_event0
i_event10000
i_event20000
i_event30000
i_event40000
i_event50000
i_event60000
i_event70000
i_event80000
i_event90000
i_event100000
i_event110000
i_event120000
i_event130000
i_event140000
i_event150000
i_event160000
i_event170000
i_event180000
i_file=336
i_event0
i_event10000
i_event20000
i_event30000
i_event40000
i_event50000
i_event60000
i_event70000
i_event80000
i_event90000
i_event100000
i_event110000
i_event120000
i_event130000
i_event140000
i_event150000
i_event160000
i_file=337
i_event0
i_event10000
i_event20000
i_event30000
i_event40000
i_event50000
i_event60000
i_event70000
i_event80000
i_event90000
i_event100000
i_event110000
i_event120000
i_event130000
i_event140000
i_event150000
i_event160000
i_event170000
i_event180000
i_event190000
i_file=338
i_event0
i_event10000
i_event20000
i_event30000
i_event40000
i_event50000
i_event60000
i_event70000
i_event80000
i_event90000
i_event100000
i_event110000
i_event120000
i_event130000
i_event140000
i_event150000
i_event160000
i_event170000
i_event180000
i_file=339
i_event0
i_event10000
i_event20000
i_event30000
i_event40000
i_event50000
i_event60000
i_event70000
i_event80000
i_event90000
i_event100000
i_event110000
i_event120000
i_event130000
i_event140000
i_event150000
i_event160000
i_file=340
i_event0
i_event10000
i_event20000
i_event30000
i_event40000
i_event50000
i_event60000
i_event70000
i_event80000
i_event90000
i_event100000
i_event110000
i_event120000
i_event130000
i_event140000
i_event150000
i_event160000
i_event170000
i_event180000
i_file=341
i_event0
i_event10000
i_event20000
i_event30000
i_event40000
i_event50000
i_event60000
i_event70000
i_event80000
i_event90000
i_event100000
i_event110000
i_event120000
i_event130000
i_event140000
i_event150000
i_event160000
i_event170000
i_event180000
i_file=342
i_event0
i_event10000
i_event20000
i_event30000
i_event40000
i_event50000
i_event60000
i_event70000
i_event80000
i_event90000
i_event100000
i_event110000
i_event120000
i_event130000
i_event140000
i_event150000
i_event160000
i_event170000
i_event180000
i_event190000
i_event200000
i_event210000
i_event220000
i_event230000
i_file=343
i_event0
i_event10000
i_event20000
i_event30000
i_event40000
i_event50000
i_event60000
i_event70000
i_event80000
i_event90000
i_event100000
i_event110000
i_event120000
i_event130000
i_event140000
i_event150000
i_event160000
i_event170000
i_event180000
i_event190000
i_event200000
i_event210000
i_file=344
i_event0
i_event10000
i_event20000
i_event30000
i_event40000
i_event50000
i_event60000
i_event70000
i_event80000
i_event90000
i_event100000
i_event110000
i_event120000
i_event130000
i_event140000
i_event150000
i_event160000
i_event170000
i_event180000
i_event190000
i_event200000
i_event210000
i_file=345
i_event0
i_event10000
i_event20000
i_event30000
i_event40000
i_event50000
i_event60000
i_event70000
i_event80000
i_event90000
i_event100000
i_event110000
i_event120000
i_event130000
i_file=346
i_event0
i_event10000
i_event20000
i_event30000
i_event40000
i_event50000
i_event60000
i_event70000
i_event80000
i_event90000
i_event100000
i_event110000
i_event120000
i_event130000
i_event140000
i_event150000
i_event160000
i_event170000
i_event180000
i_event190000
i_event200000
i_event210000
i_event220000
i_file=347
i_event0
i_event10000
i_event20000
i_file=348
i_event0
i_event10000
i_event20000
i_event30000
i_event40000
i_event50000
i_event60000
i_event70000
i_event80000
i_event90000
i_event100000
i_event110000
i_event120000
i_event130000
i_event140000
i_event150000
i_event160000
i_event170000
i_event180000
i_event190000
i_event200000
i_event210000
i_file=349
i_event0
i_event10000
i_event20000
i_event30000
i_event40000
i_event50000
i_event60000
i_event70000
i_event80000
i_event90000
i_event100000
i_event110000
i_event120000
i_event130000
i_event140000
i_event150000
i_event160000
i_event170000
i_event180000
i_event190000
i_event200000
i_event210000
i_event220000
i_file=350
i_event0
i_event10000
i_event20000
i_event30000
i_event40000
i_event50000
i_event60000
i_event70000
i_event80000
i_event90000
i_event100000
i_event110000
i_event120000
i_event130000
i_file=351
i_event0
i_event10000
i_event20000
i_event30000
i_event40000
i_event50000
i_event60000
i_event70000
i_event80000
i_event90000
i_event100000
i_event110000
i_event120000
i_event130000
i_event140000
i_event150000
i_event160000
i_event170000
i_event180000
i_event190000
i_event200000
i_event210000
i_file=352
i_event0
i_event10000
i_event20000
i_event30000
i_file=353
i_event0
i_event10000
i_event20000
i_event30000
i_event40000
i_event50000
i_event60000
i_event70000
i_event80000
i_file=354
i_event0
i_event10000
i_event20000
i_event30000
i_event40000
i_file=355
i_event0
i_event10000
i_event20000
i_event30000
i_event40000
i_file=356
i_event0
i_event10000
i_event20000
i_event30000
i_event40000
i_event50000
i_event60000
i_file=357
i_event0
i_event10000
i_event20000
i_event30000
i_event40000
i_file=358
i_event0
i_event10000
i_event20000
i_event30000
i_event40000
i_event50000
i_event60000
i_event70000
i_event80000
i_event90000
i_event100000
i_event110000
i_event120000
i_file=359
i_event0
i_event10000
i_event20000
i_event30000
i_event40000
i_event50000
i_event60000
i_event70000
i_event80000
i_event90000
i_event100000
i_event110000
i_event120000
i_file=360
i_event0
i_event10000
i_event20000
i_event30000
i_event40000
i_event50000
i_event60000
i_event70000
i_event80000
i_event90000
i_event100000
i_event110000
i_event120000
i_file=361
i_event0
i_event10000
i_event20000
i_event30000
i_event40000
i_event50000
i_event60000
i_event70000
i_event80000
i_event90000
i_event100000
i_file=362
i_event0
i_event10000
i_event20000
i_event30000
i_event40000
i_event50000
i_event60000
i_event70000
i_event80000
i_event90000
i_event100000
i_event110000
i_event120000
i_file=363
i_event0
i_file=364
i_file=365
i_event0
i_event10000
i_event20000
i_event30000
i_event40000
i_event50000
i_event60000
i_event70000
i_event80000
i_event90000
i_event100000
i_event110000
i_event120000
i_event130000
i_file=366
i_event0
i_event10000
i_event20000
i_event30000
i_event40000
i_event50000
i_event60000
i_event70000
i_event80000
i_event90000
i_event100000
i_event110000
i_event120000
i_event130000
i_file=367
i_event0
i_event10000
i_event20000
i_event30000
i_event40000
i_event50000
i_event60000
i_event70000
i_event80000
i_event90000
i_event100000
i_event110000
i_event120000
i_event130000
i_event140000
i_file=368
i_event0
i_event10000
i_event20000
i_event30000
i_event40000
i_event50000
i_event60000
i_event70000
i_event80000
i_file=369
i_event0
i_event10000
i_event20000
i_event30000
i_event40000
i_event50000
i_event60000
i_event70000
i_event80000
i_event90000
i_event100000
i_event110000
i_event120000
i_event130000
i_event140000
i_event150000
i_file=370
i_event0
i_event10000
i_event20000
i_event30000
i_event40000
i_event50000
i_event60000
i_event70000
i_event80000
i_event90000
i_event100000
i_event110000
i_event120000
i_event130000
i_event140000
i_event150000
i_event160000
i_file=371
i_event0
i_event10000
i_event20000
i_event30000
i_event40000
i_event50000
i_event60000
i_event70000
i_event80000
i_event90000
i_event100000
i_event110000
i_event120000
i_file=372
i_event0
i_event10000
i_event20000
i_event30000
i_event40000
i_event50000
i_event60000
i_event70000
i_event80000
i_event90000
i_event100000
i_event110000
i_event120000
i_event130000
i_event140000
i_event150000
i_event160000
i_file=373
i_event0
i_event10000
i_event20000
i_event30000
i_event40000
i_event50000
i_event60000
i_event70000
i_event80000
i_event90000
i_event100000
i_event110000
i_event120000
i_event130000
i_event140000
i_event150000
i_file=374
i_event0
i_event10000
i_event20000
i_event30000
i_event40000
i_event50000
i_event60000
i_event70000
i_event80000
i_event90000
i_event100000
i_event110000
i_event120000
i_event130000
i_event140000
i_event150000
i_event160000
i_event170000
i_file=375
i_event0
i_event10000
i_event20000
i_event30000
i_event40000
i_event50000
i_event60000
i_event70000
i_event80000
i_event90000
i_event100000
i_event110000
i_event120000
i_event130000
i_event140000
i_event150000
i_event160000
i_file=376
i_event0
i_event10000
i_event20000
i_event30000
i_event40000
i_event50000
i_event60000
i_event70000
i_event80000
i_event90000
i_event100000
i_event110000
i_event120000
i_event130000
i_event140000
i_event150000
i_file=377
i_event0
i_event10000
i_event20000
i_event30000
i_event40000
i_event50000
i_event60000
i_event70000
i_event80000
i_event90000
i_event100000
i_event110000
i_event120000
i_event130000
i_event140000
i_event150000
i_event160000
i_file=378
i_event0
i_event10000
i_event20000
i_event30000
i_event40000
i_event50000
i_event60000
i_event70000
i_event80000
i_event90000
i_event100000
i_event110000
i_event120000
i_event130000
i_event140000
i_event150000
i_file=379
i_event0
i_event10000
i_event20000
i_event30000
i_event40000
i_event50000
i_event60000
i_event70000
i_event80000
i_event90000
i_event100000
i_event110000
i_event120000
i_event130000
i_event140000
i_event150000
i_file=380
i_event0
i_event10000
i_event20000
i_event30000
i_event40000
i_event50000
i_event60000
i_event70000
i_event80000
i_event90000
i_event100000
i_event110000
i_event120000
i_event130000
i_event140000
i_event150000
i_event160000
i_event170000
i_event180000
i_file=381
i_event0
i_event10000
i_event20000
i_event30000
i_event40000
i_event50000
i_event60000
i_event70000
i_event80000
i_event90000
i_event100000
i_event110000
i_event120000
i_event130000
i_event140000
i_event150000
i_file=382
i_event0
i_event10000
i_event20000
i_event30000
i_event40000
i_event50000
i_event60000
i_event70000
i_event80000
i_event90000
i_event100000
i_event110000
i_event120000
i_event130000
i_event140000
i_event150000
i_file=383
i_event0
i_event10000
i_event20000
i_event30000
i_event40000
i_event50000
i_event60000
i_event70000
i_event80000
i_event90000
i_event100000
i_event110000
i_event120000
i_event130000
i_event140000
i_event150000
i_event160000
i_event170000
i_event180000
i_file=384
i_event0
i_event10000
i_event20000
i_event30000
i_event40000
i_event50000
i_event60000
i_event70000
i_event80000
i_event90000
i_event100000
i_event110000
i_event120000
i_event130000
i_event140000
i_event150000
i_event160000
i_file=385
i_event0
i_event10000
i_event20000
i_event30000
i_event40000
i_event50000
i_event60000
i_event70000
i_event80000
i_event90000
i_event100000
i_event110000
i_event120000
i_event130000
i_event140000
i_event150000
i_event160000
i_file=386
i_event0
i_event10000
i_event20000
i_event30000
i_event40000
i_event50000
i_event60000
i_event70000
i_event80000
i_event90000
i_event100000
i_event110000
i_event120000
i_event130000
i_event140000
i_event150000
i_event160000
i_file=387
i_event0
i_event10000
i_event20000
i_event30000
i_event40000
i_event50000
i_file=388
i_event0
i_event10000
i_event20000
i_event30000
i_event40000
i_event50000
i_event60000
i_file=389
i_event0
i_event10000
i_event20000
i_event30000
i_event40000
i_event50000
i_event60000
i_event70000
i_event80000
i_event90000
i_event100000
i_event110000
i_event120000
i_event130000
i_event140000
i_event150000
i_event160000
i_event170000
i_file=390
i_event0
i_event10000
i_event20000
i_event30000
i_event40000
i_event50000
i_event60000
i_event70000
i_event80000
i_event90000
i_event100000
i_event110000
i_event120000
i_event130000
i_event140000
i_event150000
i_event160000
i_file=391
i_event0
i_event10000
i_event20000
i_event30000
i_event40000
i_event50000
i_event60000
i_event70000
i_event80000
i_event90000
i_event100000
i_event110000
i_event120000
i_event130000
i_event140000
i_event150000
i_event160000
i_event170000
i_file=392
i_event0
i_event10000
i_event20000
i_event30000
i_event40000
i_event50000
i_event60000
i_event70000
i_event80000
i_event90000
i_event100000
i_event110000
i_event120000
i_event130000
i_event140000
i_event150000
i_event160000
i_event170000
i_event180000
i_file=393
i_event0
i_event10000
i_file=394
i_event0
i_event10000
i_event20000
i_event30000
i_event40000
i_event50000
i_event60000
i_event70000
i_event80000
i_event90000
i_event100000
i_event110000
i_event120000
i_event130000
i_event140000
i_event150000
i_event160000
i_event170000
i_file=395
i_event0
i_event10000
i_event20000
i_event30000
i_event40000
i_event50000
i_event60000
i_event70000
i_event80000
i_event90000
i_event100000
i_event110000
i_event120000
i_event130000
i_event140000
i_event150000
i_event160000
i_event170000
i_event180000
i_file=396
i_event0
i_event10000
i_event20000
i_event30000
i_event40000
i_event50000
i_event60000
i_event70000
i_event80000
i_event90000
i_event100000
i_event110000
i_event120000
i_event130000
i_event140000
i_event150000
i_event160000
i_event170000
i_event180000
i_event190000
i_event200000
i_file=397
i_event0
i_event10000
i_event20000
i_event30000
i_event40000
i_event50000
i_event60000
i_event70000
i_event80000
i_event90000
i_event100000
i_event110000
i_event120000
i_event130000
i_event140000
i_event150000
i_event160000
i_event170000
i_event180000
i_file=398
i_event0
i_event10000
i_event20000
i_event30000
i_event40000
i_event50000
i_event60000
i_event70000
i_event80000
i_event90000
i_event100000
i_event110000
i_event120000
i_event130000
i_event140000
i_event150000
i_event160000
i_event170000
i_event180000
i_event190000
i_file=399
i_event0
i_event10000
i_event20000
i_event30000
i_event40000
i_event50000
i_event60000
i_event70000
i_event80000
i_event90000
i_event100000
i_event110000
i_event120000
i_event130000
i_event140000
i_event150000
i_event160000
i_event170000
i_file=400
i_event0
i_event10000
i_event20000
i_event30000
i_event40000
i_event50000
i_event60000
i_event70000
i_event80000
i_event90000
i_event100000
i_event110000
i_event120000
i_event130000
i_event140000
i_event150000
i_event160000
i_event170000
i_file=401
i_event0
i_event10000
i_event20000
i_event30000
i_event40000
i_event50000
i_event60000
i_event70000
i_event80000
i_event90000
i_event100000
i_event110000
i_event120000
i_event130000
i_event140000
i_event150000
i_event160000
i_event170000
i_file=402
i_event0
i_event10000
i_event20000
i_event30000
i_event40000
i_event50000
i_event60000
i_event70000
i_event80000
i_event90000
i_event100000
i_event110000
i_event120000
i_event130000
i_event140000
i_event150000
i_event160000
i_event170000
i_event180000
i_file=403
i_event0
i_file=404
i_event0
i_event10000
i_event20000
i_event30000
i_event40000
i_event50000
i_event60000
i_event70000
i_event80000
i_event90000
i_event100000
i_event110000
i_event120000
i_event130000
i_event140000
i_event150000
i_event160000
i_event170000
i_event180000
i_event190000
i_file=405
i_event0
i_event10000
i_event20000
i_event30000
i_event40000
i_event50000
i_event60000
i_event70000
i_event80000
i_event90000
i_event100000
i_event110000
i_event120000
i_event130000
i_event140000
i_event150000
i_event160000
i_event170000
i_event180000
i_event190000
i_file=406
i_event0
i_event10000
i_event20000
i_event30000
i_event40000
i_event50000
i_event60000
i_event70000
i_event80000
i_event90000
i_event100000
i_event110000
i_event120000
i_event130000
i_event140000
i_event150000
i_event160000
i_event170000
i_event180000
i_event190000
i_file=407
i_event0
i_event10000
i_event20000
i_event30000
i_event40000
i_event50000
i_event60000
i_event70000
i_event80000
i_event90000
i_event100000
i_event110000
i_event120000
i_event130000
i_event140000
i_event150000
i_event160000
i_event170000
i_event180000
i_file=408
i_event0
i_event10000
i_event20000
i_event30000
i_event40000
i_event50000
i_event60000
i_event70000
i_event80000
i_event90000
i_event100000
i_event110000
i_event120000
i_event130000
i_file=409
i_event0
i_event10000
i_event20000
i_event30000
i_event40000
i_event50000
i_event60000
i_event70000
i_event80000
i_file=410
i_event0
i_event10000
i_event20000
i_event30000
i_event40000
i_event50000
i_file=411
i_event0
i_event10000
i_event20000
i_event30000
i_event40000
i_event50000
i_event60000
i_event70000
i_event80000
i_event90000
i_event100000
i_event110000
i_event120000
i_event130000
i_event140000
i_event150000
i_event160000
i_event170000
i_event180000
i_event190000
i_event200000
i_file=412
i_event0
i_event10000
i_event20000
i_event30000
i_event40000
i_event50000
i_event60000
i_event70000
i_event80000
i_event90000
i_event100000
i_event110000
i_event120000
i_event130000
i_event140000
i_event150000
i_event160000
i_event170000
i_event180000
i_event190000
i_file=413
i_event0
i_event10000
i_event20000
i_event30000
i_event40000
i_event50000
i_event60000
i_event70000
i_event80000
i_event90000
i_event100000
i_event110000
i_event120000
i_event130000
i_event140000
i_event150000
i_file=414
i_event0
i_event10000
i_event20000
i_event30000
i_event40000
i_event50000
i_event60000
i_event70000
i_event80000
i_event90000
i_event100000
i_event110000
i_event120000
i_event130000
i_event140000
i_event150000
i_event160000
i_event170000
i_event180000
i_event190000
i_event200000
i_file=415
i_event0
i_event10000
i_event20000
i_event30000
i_event40000
i_event50000
i_event60000
i_event70000
i_event80000
i_event90000
i_event100000
i_event110000
i_event120000
i_event130000
i_event140000
i_event150000
i_file=416
i_event0
i_event10000
i_event20000
i_event30000
i_event40000
i_event50000
i_event60000
i_event70000
i_event80000
i_event90000
i_event100000
i_event110000
i_event120000
i_event130000
i_event140000
i_event150000
i_event160000
i_event170000
i_event180000
i_event190000
i_file=417
i_event0
i_event10000
i_event20000
i_event30000
i_event40000
i_event50000
i_event60000
i_event70000
i_event80000
i_event90000
i_event100000
i_event110000
i_event120000
i_event130000
i_event140000
i_event150000
i_event160000
i_file=418
i_event0
i_event10000
i_event20000
i_event30000
i_event40000
i_event50000
i_event60000
i_event70000
i_event80000
i_event90000
i_event100000
i_event110000
i_event120000
i_event130000
i_event140000
i_event150000
i_event160000
i_event170000
i_event180000
i_file=419
i_event0
i_event10000
i_event20000
i_event30000
i_event40000
i_event50000
i_event60000
i_event70000
i_event80000
i_event90000
i_event100000
i_event110000
i_event120000
i_event130000
i_event140000
i_event150000
i_event160000
i_event170000
i_event180000
i_event190000
i_event200000
i_file=420
i_event0
i_event10000
i_event20000
i_event30000
i_event40000
i_event50000
i_file=421
i_event0
i_event10000
i_event20000
i_event30000
i_event40000
i_event50000
i_event60000
i_event70000
i_event80000
i_event90000
i_event100000
i_event110000
i_event120000
i_event130000
i_event140000
i_file=422
i_event0
i_event10000
i_event20000
i_event30000
i_event40000
i_event50000
i_file=423
i_event0
i_event10000
i_event20000
i_event30000
i_event40000
i_event50000
i_event60000
i_event70000
i_event80000
i_event90000
i_event100000
i_event110000
i_file=424
i_event0
i_event10000
i_event20000
i_event30000
i_event40000
i_event50000
i_event60000
i_event70000
i_event80000
i_event90000
i_event100000
i_event110000
i_event120000
i_file=425
i_event0
i_event10000
i_event20000
i_event30000
i_event40000
i_event50000
i_event60000
i_event70000
i_event80000
i_event90000
i_event100000
i_event110000
i_file=426
i_event0
i_event10000
i_event20000
i_event30000
i_event40000
i_event50000
i_event60000
i_event70000
i_event80000
i_event90000
i_event100000
i_event110000
i_file=427
i_event0
i_event10000
i_event20000
i_event30000
i_event40000
i_event50000
i_event60000
i_event70000
i_event80000
i_event90000
i_event100000
i_event110000
i_event120000
i_file=428
i_event0
i_event10000
i_file=429
i_event0
i_event10000
i_event20000
i_event30000
i_event40000
i_event50000
i_event60000
i_event70000
i_event80000
i_event90000
i_event100000
i_event110000
i_event120000
i_event130000
i_event140000
i_file=430
i_event0
i_event10000
i_event20000
i_event30000
i_event40000
i_event50000
i_event60000
i_event70000
i_event80000
i_event90000
i_event100000
i_event110000
i_event120000
i_event130000
i_event140000
i_event150000
i_event160000
i_file=431
i_event0
i_event10000
i_event20000
i_event30000
i_event40000
i_event50000
i_event60000
i_event70000
i_event80000
i_event90000
i_event100000
i_event110000
i_event120000
i_event130000
i_file=432
i_event0
i_event10000
i_event20000
i_event30000
i_event40000
i_event50000
i_event60000
i_event70000
i_event80000
i_event90000
i_event100000
i_event110000
i_event120000
i_event130000
i_file=433
i_event0
i_event10000
i_event20000
i_event30000
i_event40000
i_event50000
i_event60000
i_event70000
i_event80000
i_event90000
i_event100000
i_file=434
i_event0
i_event10000
i_event20000
i_event30000
i_event40000
i_event50000
i_event60000
i_event70000
i_event80000
i_event90000
i_event100000
i_event110000
i_event120000
i_event130000
i_event140000
i_event150000
i_event160000
i_event170000
i_file=435
i_event0
i_event10000
i_event20000
i_event30000
i_event40000
i_event50000
i_event60000
i_event70000
i_event80000
i_event90000
i_event100000
i_event110000
i_event120000
i_event130000
i_event140000
i_event150000
i_file=436
i_event0
i_event10000
i_event20000
i_event30000
i_event40000
i_event50000
i_event60000
i_event70000
i_event80000
i_event90000
i_event100000
i_event110000
i_event120000
i_event130000
i_event140000
i_event150000
i_file=437
i_event0
i_event10000
i_event20000
i_event30000
i_event40000
i_event50000
i_event60000
i_event70000
i_event80000
i_event90000
i_event100000
i_event110000
i_event120000
i_event130000
i_event140000
i_event150000
i_file=438
i_event0
i_event10000
i_event20000
i_event30000
i_event40000
i_event50000
i_event60000
i_event70000
i_event80000
i_event90000
i_event100000
i_event110000
i_file=439
i_event0
i_event10000
i_event20000
i_event30000
i_event40000
i_event50000
i_event60000
i_event70000
i_event80000
i_event90000
i_event100000
i_event110000
i_event120000
i_event130000
i_event140000
i_event150000
i_event160000
i_event170000
i_file=440
i_event0
i_event10000
i_event20000
i_event30000
i_event40000
i_event50000
i_event60000
i_event70000
i_event80000
i_event90000
i_event100000
i_event110000
i_event120000
i_event130000
i_event140000
i_event150000
i_event160000
i_event170000
i_file=441
i_event0
i_event10000
i_event20000
i_event30000
i_event40000
i_event50000
i_event60000
i_event70000
i_event80000
i_event90000
i_event100000
i_event110000
i_event120000
i_event130000
i_event140000
i_event150000
i_event160000
i_file=442
i_event0
i_event10000
i_event20000
i_event30000
i_event40000
i_event50000
i_event60000
i_event70000
i_event80000
i_event90000
i_event100000
i_event110000
i_event120000
i_event130000
i_event140000
i_event150000
i_event160000
i_file=443
i_event0
i_event10000
i_file=444
i_event0
i_event10000
i_event20000
i_event30000
i_event40000
i_event50000
i_event60000
i_event70000
i_event80000
i_event90000
i_event100000
i_event110000
i_event120000
i_event130000
i_event140000
i_event150000
i_event160000
i_event170000
i_file=445
i_event0
i_event10000
i_event20000
i_event30000
i_event40000
i_event50000
i_event60000
i_event70000
i_event80000
i_event90000
i_event100000
i_event110000
i_event120000
i_event130000
i_event140000
i_event150000
i_event160000
i_file=446
i_event0
i_event10000
i_event20000
i_event30000
i_event40000
i_event50000
i_event60000
i_event70000
i_event80000
i_event90000
i_event100000
i_event110000
i_event120000
i_event130000
i_event140000
i_event150000
i_event160000
i_event170000
i_file=447
i_event0
i_event10000
i_event20000
i_event30000
i_event40000
i_event50000
i_event60000
i_event70000
i_event80000
i_event90000
i_event100000
i_event110000
i_event120000
i_event130000
i_event140000
i_event150000
i_event160000
i_event170000
i_file=448
i_event0
i_file=449
i_event0
i_event10000
i_event20000
i_event30000
i_event40000
i_event50000
i_event60000
i_event70000
i_event80000
i_event90000
i_event100000
i_event110000
i_event120000
i_event130000
i_event140000
i_event150000
i_event160000
i_event170000
i_event180000
i_file=450
i_event0
i_event10000
i_event20000
i_event30000
i_event40000
i_event50000
i_event60000
i_event70000
i_event80000
i_event90000
i_event100000
i_event110000
i_event120000
i_event130000
i_event140000
i_event150000
i_event160000
i_event170000
i_event180000
i_event190000
i_file=451
i_event0
i_event10000
i_event20000
i_event30000
i_event40000
i_event50000
i_event60000
i_event70000
i_event80000
i_event90000
i_event100000
i_event110000
i_event120000
i_event130000
i_event140000
i_file=452
i_event0
i_event10000
i_event20000
i_event30000
i_event40000
i_event50000
i_event60000
i_event70000
i_event80000
i_event90000
i_event100000
i_event110000
i_event120000
i_event130000
i_event140000
i_event150000
i_event160000
i_event170000
i_event180000
i_event190000
i_event200000
i_file=453
i_event0
i_event10000
i_file=454
i_event0
i_event10000
i_event20000
i_event30000
i_event40000
i_event50000
i_event60000
i_event70000
i_event80000
i_event90000
i_event100000
i_event110000
i_event120000
i_event130000
i_event140000
i_event150000
i_event160000
i_file=455
i_event0
i_event10000
i_event20000
i_event30000
i_event40000
i_event50000
i_event60000
i_event70000
i_event80000
i_event90000
i_event100000
i_event110000
i_event120000
i_event130000
i_event140000
i_event150000
i_event160000
i_event170000
i_file=456
i_event0
i_event10000
i_event20000
i_event30000
i_event40000
i_event50000
i_event60000
i_event70000
i_event80000
i_event90000
i_event100000
i_event110000
i_event120000
i_event130000
i_event140000
i_event150000
i_event160000
i_event170000
i_file=457
i_event0
i_event10000
i_event20000
i_event30000
i_event40000
i_event50000
i_event60000
i_event70000
i_event80000
i_event90000
i_event100000
i_event110000
i_event120000
i_event130000
i_event140000
i_event150000
i_event160000
i_event170000
i_event180000
i_event190000
i_event200000
i_event210000
i_file=458
i_event0
i_event10000
i_file=459
i_event0
i_event10000
i_event20000
i_event30000
i_event40000
i_event50000
i_event60000
i_event70000
i_event80000
i_event90000
i_event100000
i_event110000
i_event120000
i_event130000
i_event140000
i_event150000
i_event160000
i_event170000
i_event180000
i_file=460
i_event0
i_event10000
i_event20000
i_event30000
i_event40000
i_event50000
i_event60000
i_event70000
i_event80000
i_event90000
i_event100000
i_event110000
i_event120000
i_event130000
i_event140000
i_event150000
i_event160000
i_event170000
i_file=461
i_event0
i_event10000
i_event20000
i_event30000
i_event40000
i_event50000
i_event60000
i_event70000
i_event80000
i_event90000
i_event100000
i_event110000
i_event120000
i_event130000
i_event140000
i_event150000
i_event160000
i_event170000
i_event180000
i_file=462
i_event0
i_event10000
i_event20000
i_event30000
i_event40000
i_event50000
i_event60000
i_event70000
i_event80000
i_event90000
i_event100000
i_event110000
i_event120000
i_event130000
i_event140000
i_event150000
i_event160000
i_event170000
i_event180000
i_event190000
i_file=463
i_event0
i_event10000
i_file=464
i_event0
i_event10000
i_event20000
i_event30000
i_event40000
i_event50000
i_event60000
i_event70000
i_event80000
i_event90000
i_event100000
i_event110000
i_event120000
i_event130000
i_event140000
i_event150000
i_event160000
i_event170000
i_event180000
i_file=465
i_event0
i_event10000
i_event20000
i_event30000
i_event40000
i_event50000
i_event60000
i_event70000
i_event80000
i_event90000
i_event100000
i_event110000
i_event120000
i_event130000
i_event140000
i_event150000
i_event160000
i_event170000
i_event180000
i_event190000
i_file=466
i_event0
i_event10000
i_event20000
i_event30000
i_event40000
i_event50000
i_event60000
i_event70000
i_event80000
i_event90000
i_event100000
i_event110000
i_event120000
i_event130000
i_event140000
i_event150000
i_event160000
i_file=467
i_event0
i_event10000
i_event20000
i_event30000
i_event40000
i_event50000
i_event60000
i_event70000
i_event80000
i_event90000
i_event100000
i_event110000
i_event120000
i_event130000
i_event140000
i_event150000
i_event160000
i_event170000
i_event180000
i_event190000
i_event200000
i_file=468
i_event0
i_file=469
i_event0
i_event10000
i_event20000
i_event30000
i_event40000
i_event50000
i_event60000
i_event70000
i_event80000
i_event90000
i_event100000
i_event110000
i_event120000
i_event130000
i_event140000
i_event150000
i_event160000
i_event170000
i_event180000
i_event190000
i_file=470
i_event0
i_event10000
i_event20000
i_event30000
i_event40000
i_event50000
i_event60000
i_event70000
i_event80000
i_event90000
i_event100000
i_event110000
i_event120000
i_event130000
i_event140000
i_event150000
i_event160000
i_event170000
i_event180000
i_file=471
i_event0
i_event10000
i_event20000
i_event30000
i_event40000
i_event50000
i_event60000
i_event70000
i_event80000
i_event90000
i_event100000
i_event110000
i_event120000
i_event130000
i_event140000
i_event150000
i_file=472
i_event0
i_event10000
i_event20000
i_event30000
i_event40000
i_event50000
i_event60000
i_event70000
i_event80000
i_event90000
i_event100000
i_event110000
i_event120000
i_event130000
i_event140000
i_event150000
i_event160000
i_event170000
i_event180000
i_event190000
i_event200000
i_event210000
i_file=473
i_event0
i_file=474
i_event0
i_event10000
i_event20000
i_event30000
i_event40000
i_event50000
i_event60000
i_event70000
i_event80000
i_event90000
i_event100000
i_event110000
i_event120000
i_event130000
i_event140000
i_event150000
i_event160000
i_event170000
i_file=475
i_event0
i_event10000
i_event20000
i_event30000
i_event40000
i_event50000
i_event60000
i_event70000
i_event80000
i_event90000
i_event100000
i_event110000
i_event120000
i_event130000
i_event140000
i_file=476
i_event0
i_event10000
i_event20000
i_event30000
i_event40000
i_event50000
i_file=477
i_event0
i_event10000
i_event20000
i_event30000
i_event40000
i_event50000
i_event60000
i_event70000
i_event80000
i_event90000
i_file=478
i_event0
i_event10000
i_event20000
i_event30000
i_event40000
i_event50000
i_event60000
i_event70000
i_event80000
i_file=479
i_event0
i_event10000
i_event20000
i_event30000
i_event40000
i_event50000
i_event60000
i_event70000
i_event80000
i_file=480
i_event0
i_event10000
i_event20000
i_event30000
i_event40000
i_event50000
i_event60000
i_event70000
i_event80000
i_event90000
i_file=481
i_event0
i_event10000
i_event20000
i_event30000
i_event40000
i_event50000
i_event60000
i_event70000
i_file=482
i_event0
i_event10000
i_event20000
i_event30000
i_event40000
i_event50000
i_event60000
i_event70000
i_event80000
i_event90000
i_event100000
i_event110000
i_event120000
i_event130000
i_file=483
i_event0
i_event10000
i_event20000
i_event30000
i_event40000
i_event50000
i_event60000
i_event70000
i_event80000
i_event90000
i_event100000
i_event110000
i_event120000
i_event130000
i_file=484
i_event0
i_event10000
i_event20000
i_event30000
i_event40000
i_event50000
i_event60000
i_event70000
i_event80000
i_event90000
i_event100000
i_event110000
i_event120000
i_event130000
i_event140000
i_file=485
i_event0
i_event10000
i_event20000
i_event30000
i_event40000
i_event50000
i_event60000
i_event70000
i_event80000
i_event90000
i_event100000
i_event110000
i_file=486
i_event0
i_event10000
i_event20000
i_event30000
i_event40000
i_event50000
i_event60000
i_event70000
i_event80000
i_event90000
i_event100000
i_event110000
i_event120000
i_event130000
i_event140000
i_file=487
i_event0
i_event10000
i_event20000
i_file=488
i_event0
i_event10000
i_event20000
i_event30000
i_event40000
i_event50000
i_event60000
i_event70000
i_event80000
i_event90000
i_event100000
i_event110000
i_event120000
i_event130000
i_event140000
i_file=489
i_event0
i_event10000
i_event20000
i_event30000
i_event40000
i_event50000
i_event60000
i_event70000
i_event80000
i_event90000
i_event100000
i_event110000
i_event120000
i_event130000
i_file=490
i_event0
i_event10000
i_event20000
i_event30000
i_event40000
i_event50000
i_event60000
i_event70000
i_event80000
i_event90000
i_event100000
i_event110000
i_event120000
i_event130000
i_file=491
i_event0
i_event10000
i_event20000
i_event30000
i_event40000
i_event50000
i_event60000
i_event70000
i_event80000
i_event90000
i_event100000
i_event110000
i_event120000
i_event130000
i_file=492
i_event0
i_event10000
i_event20000
i_event30000
i_event40000
i_event50000
i_event60000
i_event70000
i_event80000
i_event90000
i_event100000
i_event110000
i_event120000
i_event130000
i_event140000
i_file=493
i_event0
i_event10000
i_event20000
i_event30000
i_file=494
i_event0
i_event10000
i_event20000
i_event30000
i_event40000
i_event50000
i_event60000
i_event70000
i_event80000
i_event90000
i_event100000
i_event110000
i_event120000
i_event130000
i_event140000
i_event150000
i_file=495
i_event0
i_event10000
i_event20000
i_event30000
i_event40000
i_event50000
i_event60000
i_event70000
i_event80000
i_event90000
i_event100000
i_event110000
i_event120000
i_event130000
i_event140000
i_event150000
i_file=496
i_event0
i_event10000
i_event20000
i_event30000
i_event40000
i_event50000
i_event60000
i_event70000
i_event80000
i_event90000
i_event100000
i_event110000
i_event120000
i_event130000
i_event140000
i_file=497
i_event0
i_event10000
i_event20000
i_event30000
i_event40000
i_event50000
i_event60000
i_event70000
i_event80000
i_event90000
i_event100000
i_event110000
i_event120000
i_event130000
i_file=498
i_event0
i_event10000
i_event20000
i_event30000
i_event40000
i_event50000
i_event60000
i_event70000
i_event80000
i_event90000
i_event100000
i_event110000
i_event120000
i_event130000
i_event140000
i_event150000
i_event160000
i_file=499
i_event0
i_file=500
i_event0
i_event10000
i_event20000
i_event30000
i_event40000
i_event50000
i_event60000
i_event70000
i_event80000
i_event90000
i_event100000
i_event110000
i_event120000
i_event130000
i_event140000
i_event150000
i_event160000
i_event170000

This is the end of STAR ROOT -- Goodbye

